country,target,rmse,std,rmse/std,r2,mase,da,guiding_score,best_guiding_cv,best_params
ARG,SP.DYN.LE00.IN,0.033995010083686765,0.5642244716758307,0.06025086076595814,0.9963698337769611,0.16014408482774692,0.9166666666666666,6.339175630452113,6.339175630452113,"{""p"": 2, ""d"": 1, ""q"": 1}"
ARG,SP.URB.TOTL.IN.ZS,0.04595283726575394,0.4859167995600427,0.09456935283439556,0.9910566375044836,0.23240183708826695,1.0,6.44960638900273,6.44960638900273,"{""p"": 2, ""d"": 0, ""q"": 2}"
ARG,NV.AGR.TOTL.ZS,1.4888451283523902,0.7506139217377614,1.9835032168142244,-2.9342850111123773,1.35472909098862,0.5,3.1074136301731485,3.1074136301731485,"{""p"": 2, ""d"": 1, ""q"": 2}"
ARG,EG.USE.PCAP.KG.OE,136.98577071218463,53.77320011501142,2.547472912513969,-5.489618239992403,5.654337422504194,0.5,2.505678769309394,2.505678769309394,"{""p"": 0, ""d"": 1, ""q"": 0}"
ARG,FS.AST.PRVT.GD.ZS,2.0856052323892267,1.3675226108930685,1.5250974395423051,-1.325922200098495,2.369862247157853,0.5833333333333334,3.315703739291147,3.315703739291147,"{""p"": 1, ""d"": 1, ""q"": 0}"
ARG,NE.IMP.GNFS.ZS,2.1461016740440395,1.621683759855517,1.3233786556728209,-0.7513310662904022,1.1130660564765429,0.5,3.6470522624751878,3.6470522624751878,"{""p"": 1, ""d"": 0, ""q"": 2}"
ARG,NY.GDP.MKTP.CD,221749728149.3824,91414691089.39188,2.4257559207035935,-4.88429178682854,3.340444486716227,0.6666666666666666,2.916051826416859,2.916051826416859,"{""p"": 2, ""d"": 1, ""q"": 2}"
ARG,NE.EXP.GNFS.ZS,2.4088685471151567,3.220817968549061,0.7479058334365671,0.4406368643115537,1.0762811990428411,0.75,5.063543117009307,5.063543117009307,"{""p"": 1, ""d"": 0, ""q"": 0}"
ARG,NY.GDP.MKTP.KD.ZG,5.607304762246734,5.051102790320738,1.1101149580625893,-0.23235522011430465,0.7058188192445879,0.5833333333333334,4.209856616341378,4.209856616341378,"{""p"": 2, ""d"": 0, ""q"": 1}"
ARG,EN.ATM.GHGT.KT.CE,8931.956305716281,12402.216207755184,0.7201903398628926,0.4813258743681712,1.2437604085619496,0.5833333333333334,4.771932613147173,4.771932613147173,"{""p"": 2, ""d"": 1, ""q"": 2}"
AUS,SP.DYN.LE00.IN,0.14547253562856638,0.4745409129575783,0.30655425413566173,0.9060244892713282,0.8939364985590944,0.9166666666666666,5.993434274211939,5.993434274211939,"{""p"": 1, ""d"": 1, ""q"": 0}"
AUS,SP.URB.TOTL.IN.ZS,0.037988190977780535,0.3952922669764237,0.09610152829032259,0.9907644962602643,0.2505371485122533,1.0,6.444819111631775,6.444819111631775,"{""p"": 1, ""d"": 1, ""q"": 0}"
AUS,NV.AGR.TOTL.ZS,0.1907310969478814,0.17964189941430247,1.0617294604974326,-0.12726944728816902,1.0616163159428356,0.5833333333333334,4.204547260107492,4.204547260107492,"{""p"": 2, ""d"": 1, ""q"": 1}"
AUS,EG.USE.PCAP.KG.OE,292.0676427956497,181.40756405500082,1.6100080739031253,-1.5921259980332514,3.9630381524151357,0.5,2.9489963490865407,2.9489963490865407,"{""p"": 1, ""d"": 0, ""q"": 0}"
AUS,FS.AST.PRVT.GD.ZS,6.730663629764995,8.1233491487421,0.8285577175772676,0.3134921086431488,1.7939664990514788,0.5833333333333334,4.45465605747799,4.45465605747799,"{""p"": 1, ""d"": 1, ""q"": 0}"
AUS,NE.IMP.GNFS.ZS,0.8301433563028108,0.7565734073457099,1.097240992404434,-0.2039377954126671,1.011804908786808,0.5833333333333334,4.155668387338853,4.155668387338853,"{""p"": 2, ""d"": 1, ""q"": 2}"
AUS,NY.GDP.MKTP.CD,195097460837.23013,182160247711.20117,1.0710210558482538,-0.14708610207030826,1.2130384484733416,0.5,4.0037962254859885,4.0037962254859885,"{""p"": 2, ""d"": 1, ""q"": 2}"
AUS,NE.EXP.GNFS.ZS,1.892464640145477,1.501059640050646,1.2607524642269543,-0.5894967760543379,0.9865075013988017,0.5833333333333334,3.907984467757844,3.907984467757844,"{""p"": 1, ""d"": 1, ""q"": 0}"
AUS,NY.GDP.MKTP.KD.ZG,1.4275345436083244,0.961784190358345,1.4842566117420255,-1.203017689499918,1.3410512857114312,0.5833333333333334,3.5645950494336356,3.5645950494336356,"{""p"": 2, ""d"": 1, ""q"": 0}"
AUS,EN.ATM.GHGT.KT.CE,31717.67822325467,31131.578727761946,1.0188265266152423,-0.03800749133487913,0.924006070691108,0.75,4.612165298647582,4.612165298647582,"{""p"": 1, ""d"": 1, ""q"": 0}"
BRA,SP.DYN.LE00.IN,0.28133661443416924,0.9471847229597221,0.2970240203569381,0.9117767313310012,0.8296578520429548,0.9166666666666666,6.01814399038771,6.01814399038771,"{""p"": 2, ""d"": 1, ""q"": 2}"
BRA,SP.URB.TOTL.IN.ZS,0.08640805013569049,1.0409167670742614,0.08301148840032657,0.9931090927935624,0.212882573312517,1.0,6.460085126217257,6.460085126217257,"{""p"": 2, ""d"": 1, ""q"": 2}"
BRA,NV.AGR.TOTL.ZS,0.44591961704708,0.4370533180637451,1.0202865385454911,-0.04098462073713982,0.7782828490163367,0.5,4.201777515848553,4.201777515848553,"{""p"": 2, ""d"": 1, ""q"": 2}"
BRA,EG.USE.PCAP.KG.OE,144.55619218855566,85.36809093259839,1.6933281582071302,-1.8673602513771526,5.102451668162436,0.4166666666666667,2.715907243698057,2.715907243698057,"{""p"": 2, ""d"": 1, ""q"": 1}"
BRA,FS.AST.PRVT.GD.ZS,18.716351171325282,7.00219789777211,2.672925193571045,-6.14452909042681,5.343377802077991,0.8333333333333334,3.0662992824980924,3.0662992824980924,"{""p"": 1, ""d"": 0, ""q"": 1}"
BRA,NE.IMP.GNFS.ZS,1.7884731375839704,1.2074669512396194,1.481177713185337,-1.1938874180369443,1.451760793304428,0.5,3.3939338357212394,3.3939338357212394,"{""p"": 1, ""d"": 1, ""q"": 0}"
BRA,NY.GDP.MKTP.CD,395477730089.7991,358599279394.56793,1.1028402811001012,-0.21625668561695055,1.4467211267560496,0.3333333333333333,3.60691668160409,3.60691668160409,"{""p"": 2, ""d"": 1, ""q"": 0}"
BRA,NE.EXP.GNFS.ZS,1.7976699572539334,1.67357811308308,1.0741476260957132,-0.15379312264705614,1.4921377194734968,0.6666666666666666,4.226036126854802,4.226036126854802,"{""p"": 2, ""d"": 1, ""q"": 2}"
BRA,NY.GDP.MKTP.KD.ZG,4.1149195367813025,3.2762803001471985,1.2559729814925864,-0.5774681302393772,1.0529889912124126,0.5833333333333334,3.8980161898175227,3.8980161898175227,"{""p"": 1, ""d"": 1, ""q"": 1}"
BRA,EN.ATM.GHGT.KT.CE,34656.23613081329,56184.23410646601,0.6168320469607478,0.6195182258422138,1.0878208353023657,0.5,4.828863554460607,4.828863554460607,"{""p"": 1, ""d"": 0, ""q"": 2}"
CAN,SP.DYN.LE00.IN,0.18978345605916014,0.4151821190369591,0.45710893450656,0.7910514219942775,1.392854579302673,0.6666666666666666,5.2663649591782455,5.2663649591782455,"{""p"": 2, ""d"": 0, ""q"": 1}"
CAN,SP.URB.TOTL.IN.ZS,0.09819708133597477,0.2702561134625914,0.36334823319202036,0.8679780614362372,0.9918704694129641,1.0,6.0573626250862445,6.0573626250862445,"{""p"": 2, ""d"": 0, ""q"": 2}"
CAN,NV.AGR.TOTL.ZS,0.1102263557401254,0.13872299421063347,0.7945788394154794,0.36864446795314987,0.9082057979060475,0.4166666666666667,4.435684775712419,4.435684775712419,"{""p"": 2, ""d"": 0, ""q"": 0}"
CAN,EG.USE.PCAP.KG.OE,556.5929751410499,160.17543810325284,3.474895912457296,-11.07490160241242,5.526796794678276,0.5833333333333334,2.458121003927025,2.458121003927025,"{""p"": 0, ""d"": 0, ""q"": 2}"
CAN,FS.AST.PRVT.GD.ZS,0.0,0.0,0.0,1.0,0.0,0.5,5.659955489004318,5.659955489004318,"{""p"": 0, ""d"": 0, ""q"": 0}"
CAN,NE.IMP.GNFS.ZS,1.497361713452731,1.3092387051537775,1.143688853345393,-0.3080241932665,1.2614378883937851,0.8333333333333334,4.461545893146763,4.461545893146763,"{""p"": 2, ""d"": 1, ""q"": 2}"
CAN,NY.GDP.MKTP.CD,204991220876.62683,134568799852.6135,1.5233190836296637,-1.3205010305503184,1.645269974978704,0.4166666666666667,3.167321650129572,3.167321650129572,"{""p"": 1, ""d"": 0, ""q"": 1}"
CAN,NE.EXP.GNFS.ZS,1.9434446814918496,1.5309908799141032,1.26940317345384,-0.6113844167746796,1.3504244508179868,0.5833333333333334,3.8059845629638565,3.8059845629638565,"{""p"": 2, ""d"": 0, ""q"": 1}"
CAN,NY.GDP.MKTP.KD.ZG,4.0769966689411445,2.450166040030679,1.6639675035615527,-1.7687878529088668,1.4917241387187916,0.6666666666666666,3.537529669904461,3.537529669904461,"{""p"": 2, ""d"": 0, ""q"": 2}"
CAN,EN.ATM.GHGT.KT.CE,25523.92045725763,18621.95650046808,1.3706358113668702,-0.8786425274013185,1.7898984029782132,0.5833333333333334,3.5778959759668756,3.5778959759668756,"{""p"": 2, ""d"": 1, ""q"": 0}"
CHN,SP.DYN.LE00.IN,0.24143477358878504,1.030815182672628,0.23421732396568828,0.9451422451543519,0.7573577784734437,0.9166666666666666,6.089367039511919,6.089367039511919,"{""p"": 1, ""d"": 1, ""q"": 1}"
CHN,SP.URB.TOTL.IN.ZS,0.18944698259441706,4.6463320164513195,0.04077344923342542,0.9983375258376093,0.1395834765655712,1.0,6.496613947298851,6.496613947298851,"{""p"": 1, ""d"": 1, ""q"": 0}"
CHN,NV.AGR.TOTL.ZS,1.6434627241103121,0.951425766952221,1.7273683152128083,-1.9838012964011367,4.44944580447128,0.8333333333333334,3.446315358415762,3.446315358415762,"{""p"": 1, ""d"": 1, ""q"": 0}"
CHN,EG.USE.PCAP.KG.OE,81.76670994387831,186.10969764454845,0.43934685284398683,0.8069743428960842,1.5620925586625425,0.5,4.952326121973608,4.952326121973608,"{""p"": 2, ""d"": 1, ""q"": 2}"
CHN,FS.AST.PRVT.GD.ZS,41.44669509489005,20.846985006924935,1.988138576447497,-2.9526949991586804,4.869594219195836,0.8333333333333334,3.305727921413348,3.305727921413348,"{""p"": 2, ""d"": 1, ""q"": 2}"
CHN,NE.IMP.GNFS.ZS,3.226770449417437,2.8907561167520375,1.1162375237115938,-0.2459862093417906,1.824880178218704,0.6666666666666666,4.079638103202245,4.079638103202245,"{""p"": 2, ""d"": 0, ""q"": 2}"
CHN,NY.GDP.MKTP.CD,438554212202.2849,3291442190212.9663,0.13324074580629627,0.982246903656982,0.4463833354783499,1.0,6.378963909779922,6.378963909779922,"{""p"": 1, ""d"": 1, ""q"": 1}"
CHN,NE.EXP.GNFS.ZS,10.73960273698011,4.0675697537707505,2.6402995860179654,-5.97118190392664,6.4088577947356224,0.75,2.918588220993274,2.918588220993274,"{""p"": 2, ""d"": 0, ""q"": 0}"
CHN,NY.GDP.MKTP.KD.ZG,1.4007201411488062,2.0266444942380732,0.6911523679319069,0.522308404302118,1.078023774058463,0.8333333333333334,5.3064371465213656,5.3064371465213656,"{""p"": 1, ""d"": 0, ""q"": 0}"
CHN,EN.ATM.GHGT.KT.CE,820158.1822705924,1123988.996845952,0.7296852412008078,0.4675594487737189,2.522785832864528,0.6666666666666666,4.643958270751048,4.643958270751048,"{""p"": 2, ""d"": 0, ""q"": 1}"
DEU,SP.DYN.LE00.IN,0.22288560208943323,0.44779692932001874,0.4977381207769464,0.7522567631254339,1.0016300378772116,0.6666666666666666,5.31226551511414,5.31226551511414,"{""p"": 1, ""d"": 1, ""q"": 0}"
DEU,SP.URB.TOTL.IN.ZS,0.11610219680217432,0.2319786258262533,0.5004866133189884,0.7495131498884895,1.421182228513541,1.0,5.792539807837806,5.792539807837806,"{""p"": 1, ""d"": 1, ""q"": 0}"
DEU,NV.AGR.TOTL.ZS,0.09823145914300979,0.09711135619587834,1.0115342117648132,-0.02320146157066172,0.9119597571465349,0.6666666666666666,4.479529994937028,4.479529994937028,"{""p"": 1, ""d"": 1, ""q"": 0}"
DEU,EG.USE.PCAP.KG.OE,63.95446183411464,77.89481655647056,0.8210361698169001,0.3258996078523946,0.7322060832859877,0.25,4.1542742225815275,4.1542742225815275,"{""p"": 2, ""d"": 1, ""q"": 1}"
DEU,FS.AST.PRVT.GD.ZS,6.541212719890887,6.810923865017364,0.9604002114145216,0.0776314339149422,2.171873142891426,0.75,4.4358146508088465,4.4358146508088465,"{""p"": 2, ""d"": 0, ""q"": 0}"
DEU,NE.IMP.GNFS.ZS,3.5449512314128584,2.043651668676833,1.7346161705277519,-2.008893259056363,2.039292980234257,0.75,3.524430477092106,3.524430477092106,"{""p"": 2, ""d"": 1, ""q"": 0}"
DEU,NY.GDP.MKTP.CD,197043864153.9016,197209236733.18243,0.9991614359346436,0.0016764249410214926,0.8266465223344154,0.5,4.227898696120821,4.227898696120821,"{""p"": 2, ""d"": 1, ""q"": 1}"
DEU,NE.EXP.GNFS.ZS,2.362474456674962,2.4382107893455127,0.968937741969848,0.06115965218637209,0.8136198834613375,0.5833333333333334,4.433033758665248,4.433033758665248,"{""p"": 2, ""d"": 1, ""q"": 0}"
DEU,NY.GDP.MKTP.KD.ZG,3.3478563405717243,2.829933403030617,1.18301594552948,-0.39952672737701,0.8550946132311478,0.75,4.3521065351864765,4.3521065351864765,"{""p"": 2, ""d"": 1, ""q"": 0}"
DEU,EN.ATM.GHGT.KT.CE,63740.71170038687,30218.12965362538,2.1093533064757257,-3.449371371540077,2.8419676891652212,0.5,2.780410172515862,2.780410172515862,"{""p"": 2, ""d"": 1, ""q"": 0}"
EUU,SP.DYN.LE00.IN,0.16706039132478098,0.6535971144201941,0.255601482379524,0.9346678822053899,0.5991192388890755,0.75,5.815938256842013,5.815938256842013,"{""p"": 2, ""d"": 1, ""q"": 0}"
EUU,SP.URB.TOTL.IN.ZS,0.09369717850469202,0.7350158505943448,0.12747640534408486,0.9837497660805505,0.3866368736859406,1.0,6.396229455362546,6.396229455362546,"{""p"": 2, ""d"": 1, ""q"": 1}"
EUU,NV.AGR.TOTL.ZS,0.07277727830629867,0.06315332708832277,1.1523902486486004,-0.3280032851803829,0.8144410832943191,0.4166666666666667,3.8221878386640906,3.8221878386640906,"{""p"": 1, ""d"": 1, ""q"": 0}"
EUU,EG.USE.PCAP.KG.OE,126.83272126297159,94.20202545555979,1.346390596694818,-0.8127676388682279,1.5447008455088842,0.4166666666666667,3.3698542091639503,3.3698542091639503,"{""p"": 2, ""d"": 0, ""q"": 1}"
EUU,FS.AST.PRVT.GD.ZS,6.8960734503150825,6.33049628288456,1.0893416790970472,-0.18666529381797403,2.2741773701949928,0.8333333333333334,4.335882533710091,4.335882533710091,"{""p"": 1, ""d"": 0, ""q"": 2}"
EUU,NE.IMP.GNFS.ZS,1.8087262713571475,2.315341819512454,0.7811918983686023,0.3897392179232594,0.7137850380677251,0.5833333333333334,4.798740514771696,4.798740514771696,"{""p"": 2, ""d"": 1, ""q"": 2}"
EUU,NY.GDP.MKTP.CD,794615649300.3804,771893099866.4305,1.0294374304393727,-0.0597414231896185,0.831361961044051,0.5,4.172250547026778,4.172250547026778,"{""p"": 1, ""d"": 0, ""q"": 1}"
EUU,NE.EXP.GNFS.ZS,1.9666077212071138,3.0615362853235717,0.6423597625266311,0.58737393548673,0.7403454111158274,0.6666666666666666,5.171455648465702,5.171455648465702,"{""p"": 2, ""d"": 1, ""q"": 2}"
EUU,NY.GDP.MKTP.KD.ZG,3.3395973675446027,2.636880812639732,1.2664953802752252,-0.6040105482584877,0.9117959197663739,0.75,4.215825664637862,4.215825664637862,"{""p"": 2, ""d"": 1, ""q"": 2}"
EUU,EN.ATM.GHGT.KT.CE,546545.7315705201,178515.83582482726,3.0616092350867437,-8.373451108368435,6.984394444648794,0.5833333333333334,2.5204287945945323,2.5204287945945323,"{""p"": 1, ""d"": 1, ""q"": 2}"
FRA,SP.DYN.LE00.IN,0.8230644223186532,0.48537241695474515,1.695737939709486,-1.8755271601701722,2.7450296473183955,0.6666666666666666,3.286463642635406,3.286463642635406,"{""p"": 1, ""d"": 1, ""q"": 1}"
FRA,SP.URB.TOTL.IN.ZS,0.3034710951728417,0.9698752375080836,0.31289704431732374,0.9020954396574827,0.9192505531163755,1.0,6.125042558903756,6.125042558903756,"{""p"": 1, ""d"": 1, ""q"": 0}"
FRA,NV.AGR.TOTL.ZS,0.10977317786635145,0.10233145569573326,1.072721746407527,-0.1507319452156144,0.6683908153548889,0.4166666666666667,3.9916279871662708,3.9916279871662708,"{""p"": 2, ""d"": 1, ""q"": 0}"
FRA,EG.USE.PCAP.KG.OE,204.36868855255108,138.89352224850276,1.4714054712134288,-1.1650340607168137,3.207234114874111,0.4166666666666667,2.968772219935967,2.968772219935967,"{""p"": 2, ""d"": 0, ""q"": 2}"
FRA,FS.AST.PRVT.GD.ZS,9.92993532570098,8.051336696170837,1.233327545527141,-0.5210968345560021,2.027151003965808,0.5,3.560198456015678,3.560198456015678,"{""p"": 2, ""d"": 1, ""q"": 1}"
FRA,NE.IMP.GNFS.ZS,2.4886978117677527,1.8418020902690133,1.3512297683429462,-0.825821886856132,1.898750944236021,0.4166666666666667,3.2863045360320045,3.2863045360320045,"{""p"": 2, ""d"": 1, ""q"": 2}"
FRA,NY.GDP.MKTP.CD,130457847544.57684,142272029472.80347,0.9169606143104537,0.15918323180339533,0.7736195044587943,0.5,4.391448269895124,4.391448269895124,"{""p"": 1, ""d"": 0, ""q"": 1}"
FRA,NE.EXP.GNFS.ZS,1.5651829283356427,1.9069596559321276,0.8207740124269051,0.3263300205246388,1.08031049200642,0.6666666666666666,4.785609420144235,4.785609420144235,"{""p"": 2, ""d"": 1, ""q"": 2}"
FRA,NY.GDP.MKTP.KD.ZG,3.3802656923508976,2.7257537741318822,1.2401214388586765,-0.5379011831169138,1.0709413448437828,0.6666666666666666,4.06428217160791,4.06428217160791,"{""p"": 2, ""d"": 1, ""q"": 2}"
FRA,EN.ATM.GHGT.KT.CE,51436.38743627072,20701.81617393528,2.484631638311616,-5.173394378099066,6.032029285767002,0.4166666666666667,2.376917323172258,2.376917323172258,"{""p"": 2, ""d"": 1, ""q"": 1}"
GBR,SP.DYN.LE00.IN,0.416408563100462,0.5060015610376539,0.8229392854965424,0.3227709323864406,1.6214696140457205,0.5833333333333334,4.5028946355793495,4.5028946355793495,"{""p"": 1, ""d"": 1, ""q"": 1}"
GBR,SP.URB.TOTL.IN.ZS,0.5270346461193892,0.9808400155451817,0.5373298782334516,0.7112766019576241,1.5881513930305446,1.0,5.704482000391967,5.704482000391967,"{""p"": 1, ""d"": 1, ""q"": 0}"
GBR,NV.AGR.TOTL.ZS,0.07681284472943248,0.056671801056998886,1.3553979809495784,-0.8371036867621942,1.4458869642090284,0.4166666666666667,3.3824141740796714,3.3824141740796714,"{""p"": 1, ""d"": 0, ""q"": 0}"
GBR,EG.USE.PCAP.KG.OE,546.3284456332364,201.70469809743295,2.708555877906888,-6.336274943743953,6.703206346871329,0.8333333333333334,3.0474234521310932,3.0474234521310932,"{""p"": 1, ""d"": 1, ""q"": 0}"
GBR,FS.AST.PRVT.GD.ZS,25.940337909411937,22.88474631965825,1.1335208853562382,-0.28486959753879004,3.5292771443389737,0.5833333333333334,3.671750729784195,3.671750729784195,"{""p"": 1, ""d"": 0, ""q"": 0}"
GBR,NE.IMP.GNFS.ZS,3.1807335564624517,1.4772650642640972,2.153123114738343,-3.6359391472205447,2.1000474208724245,0.5833333333333334,3.0234330411780417,3.0234330411780417,"{""p"": 1, ""d"": 1, ""q"": 2}"
GBR,NY.GDP.MKTP.CD,360931920303.79944,173278126272.9959,2.0829629686505213,-3.338734728769392,1.9738869183365133,0.5,2.9280798012094036,2.9280798012094036,"{""p"": 1, ""d"": 0, ""q"": 0}"
GBR,NE.EXP.GNFS.ZS,3.9469779499151163,1.5606973627871632,2.528983545449469,-5.395757773154165,2.730331480427727,0.5,2.6521885479955962,2.6521885479955962,"{""p"": 2, ""d"": 1, ""q"": 1}"
GBR,NY.GDP.MKTP.KD.ZG,3.9955556797074525,3.368839303466261,1.1860333247704489,-0.40667504746604477,1.0566587366247306,0.5833333333333334,4.000013562643918,4.000013562643918,"{""p"": 2, ""d"": 0, ""q"": 1}"
GBR,EN.ATM.GHGT.KT.CE,146812.4511131696,60603.791140420544,2.4224961566018433,-4.8684876287507,6.339462542441322,0.75,2.9827846026419103,2.9827846026419103,"{""p"": 1, ""d"": 1, ""q"": 1}"
IDN,SP.DYN.LE00.IN,0.3745811699062547,1.0579721084454536,0.35405580819767624,0.8746444846814903,1.0026572427083031,0.9166666666666666,5.92032883211842,5.92032883211842,"{""p"": 2, ""d"": 1, ""q"": 2}"
IDN,SP.URB.TOTL.IN.ZS,0.3691138955868841,2.564532962082856,0.1439302598345619,0.9792840803039555,0.42604943617268365,1.0,6.3769635415291415,6.3769635415291415,"{""p"": 1, ""d"": 1, ""q"": 2}"
IDN,NV.AGR.TOTL.ZS,0.6508269824285285,0.6548625368920328,0.9938375548513481,0.012286914567093743,1.2605270300129978,0.5833333333333334,4.276436308698737,4.276436308698737,"{""p"": 2, ""d"": 1, ""q"": 0}"
IDN,EG.USE.PCAP.KG.OE,33.843959938168595,26.753619454676453,1.2650235978538886,-0.6002847031271967,2.0103942205206806,0.4166666666666667,3.3743112336665337,3.3743112336665337,"{""p"": 1, ""d"": 1, ""q"": 1}"
IDN,FS.AST.PRVT.GD.ZS,8.442010529344437,4.660399501217948,1.8114349482567327,-2.2812965717658726,5.576336564107844,0.08333333333333333,2.106549773682045,2.106549773682045,"{""p"": 0, ""d"": 1, ""q"": 0}"
IDN,NE.IMP.GNFS.ZS,2.8881912365837015,3.2742904305755336,0.8820815678455359,0.2219321076671612,1.0822994942598552,0.5833333333333334,4.525445070687517,4.525445070687517,"{""p"": 1, ""d"": 0, ""q"": 0}"
IDN,NY.GDP.MKTP.CD,273987498196.0096,177107780901.21255,1.5470099438987086,-1.3932397665214853,3.884831256778565,0.6666666666666666,3.2961565546064406,3.2961565546064406,"{""p"": 1, ""d"": 1, ""q"": 1}"
IDN,NE.EXP.GNFS.ZS,3.491385510175794,3.3696937239878153,1.0361136044269224,-0.07353140127854862,1.7007446396744827,0.6666666666666666,4.245156065109932,4.245156065109932,"{""p"": 1, ""d"": 0, ""q"": 0}"
IDN,NY.GDP.MKTP.KD.ZG,2.0906328375813197,2.057593237213433,1.0160574013222514,-0.03237264278172658,0.9807862909247026,0.6666666666666666,4.45419512692797,4.45419512692797,"{""p"": 2, ""d"": 0, ""q"": 2}"
IDN,EN.ATM.GHGT.KT.CE,161429.3444381368,81097.55427914686,1.9905574942800237,-2.962319138034366,5.508642622779385,0.5,2.703029324196883,2.703029324196883,"{""p"": 2, ""d"": 1, ""q"": 1}"
IND,SP.DYN.LE00.IN,0.29233438618250246,1.2603016498127408,0.23195588629590252,0.9461964668126823,0.5898928181549218,0.9166666666666666,6.131904905638105,6.131904905638105,"{""p"": 2, ""d"": 0, ""q"": 0}"
IND,SP.URB.TOTL.IN.ZS,0.37446661879949306,1.4561490227072789,0.2571622910567787,0.9338675560584286,0.6881300010863318,1.0,6.2314958196200925,6.2314958196200925,"{""p"": 1, ""d"": 1, ""q"": 0}"
IND,NV.AGR.TOTL.ZS,0.5629639230280894,0.5532694610569547,1.0175221346079983,-0.03535129441721763,0.915746838338876,0.75,4.616570014224029,4.616570014224029,"{""p"": 2, ""d"": 1, ""q"": 1}"
IND,EG.USE.PCAP.KG.OE,30.315235763899743,42.91298834933777,0.7064349729530678,0.5009496289887985,2.3058989896930195,0.5,4.42182326006982,4.42182326006982,"{""p"": 2, ""d"": 1, ""q"": 0}"
IND,FS.AST.PRVT.GD.ZS,3.002995553107002,1.8041979370147132,1.6644490560031675,-1.7703906600298365,1.6129339647927394,0.5,3.2138968279044957,3.2138968279044957,"{""p"": 2, ""d"": 1, ""q"": 0}"
IND,NE.IMP.GNFS.ZS,3.6388556698855754,3.9905916052555757,0.9118586991195072,0.16851371284007988,1.328592444177956,0.5833333333333334,4.409935965846715,4.409935965846715,"{""p"": 2, ""d"": 0, ""q"": 0}"
IND,NY.GDP.MKTP.CD,488663983366.92926,507226160567.15753,0.9634045350116152,0.07185170191905343,2.905431418965316,0.9166666666666666,4.617888916984615,4.617888916984615,"{""p"": 2, ""d"": 0, ""q"": 0}"
IND,NE.EXP.GNFS.ZS,2.603263570796305,2.5419926581623713,1.0241034970880785,-0.048787972748031816,1.421288350981804,0.6666666666666666,4.33115991007686,4.33115991007686,"{""p"": 1, ""d"": 0, ""q"": 0}"
IND,NY.GDP.MKTP.KD.ZG,4.3283139830367645,4.156636638491486,1.0413019851087062,-0.08430982419133204,1.001983429347929,0.6666666666666666,4.403794654788731,4.403794654788731,"{""p"": 2, ""d"": 1, ""q"": 1}"
IND,EN.ATM.GHGT.KT.CE,404756.5161737917,347967.82717191766,1.163200975973612,-0.35303651050596296,4.09152065638112,0.8333333333333334,4.038636388235328,4.038636388235328,"{""p"": 2, ""d"": 0, ""q"": 1}"
ITA,SP.DYN.LE00.IN,0.7548517527323672,0.6105146385902605,1.236418760531927,-0.5287313513953065,1.9681976323202437,0.6666666666666666,3.8625633487603226,3.8625633487603226,"{""p"": 1, ""d"": 1, ""q"": 1}"
ITA,SP.URB.TOTL.IN.ZS,0.8176977302909679,0.9696956699437689,0.8432519146325413,0.2889262084685533,2.4322299619449583,1.0,5.045054406930014,5.045054406930014,"{""p"": 1, ""d"": 1, ""q"": 0}"
ITA,NV.AGR.TOTL.ZS,0.08745070297273508,0.09600911981579234,0.910858292842619,0.17033717035982976,0.808305071129017,0.5,4.394088547692585,4.394088547692585,"{""p"": 1, ""d"": 0, ""q"": 2}"
ITA,EG.USE.PCAP.KG.OE,332.82158258717845,211.71147302021294,1.5720526518437792,-1.4713495401690588,4.145320429562067,0.5,2.969473427054643,2.969473427054643,"{""p"": 0, ""d"": 0, ""q"": 2}"
ITA,FS.AST.PRVT.GD.ZS,5.567342503494333,6.028609675875543,0.9234869734182584,0.1471718099267849,1.3785762015367338,0.75,4.6735461558217,4.6735461558217,"{""p"": 1, ""d"": 0, ""q"": 2}"
ITA,NE.IMP.GNFS.ZS,1.5564170316584987,1.4642372356379638,1.0629541400648594,-0.12987150388102453,0.7304029301967838,0.5833333333333334,4.2847975811688475,4.2847975811688475,"{""p"": 2, ""d"": 1, ""q"": 0}"
ITA,NY.GDP.MKTP.CD,164676553964.5105,159713100751.22043,1.0310773079349418,-0.06312041493836706,1.051521146213382,0.5,4.114385594477556,4.114385594477556,"{""p"": 1, ""d"": 0, ""q"": 0}"
ITA,NE.EXP.GNFS.ZS,2.5388521424947026,2.497763217676993,1.016450288212637,-0.03317118840755273,1.5262027159599514,0.75,4.4688487277371305,4.4688487277371305,"{""p"": 1, ""d"": 1, ""q"": 1}"
ITA,NY.GDP.MKTP.KD.ZG,3.798516144401167,3.0017208065657512,1.2654461854322234,-0.6013540482249653,0.9343326410890087,0.5833333333333334,3.91454166922379,3.91454166922379,"{""p"": 2, ""d"": 1, ""q"": 1}"
ITA,EN.ATM.GHGT.KT.CE,44627.86702006838,40244.6580232493,1.108914057470358,-0.22969038685537257,2.797410346897466,0.25,3.211881971389091,3.211881971389091,"{""p"": 0, ""d"": 0, ""q"": 2}"
JPN,SP.DYN.LE00.IN,0.39904104301699295,0.6361232327675039,0.6273014762893248,0.6064928578452338,1.6412021908444605,0.75,5.123855018417416,5.123855018417416,"{""p"": 2, ""d"": 1, ""q"": 0}"
JPN,SP.URB.TOTL.IN.ZS,0.4450899718600903,0.7257970521755686,0.6132430140435788,0.623933005726747,1.7588644265938818,0.75,5.119085694796133,5.119085694796133,"{""p"": 2, ""d"": 0, ""q"": 2}"
JPN,NV.AGR.TOTL.ZS,0.05411403899313571,0.07041384308735131,0.7685142099971022,0.4093859090325298,1.3012888617338532,0.4166666666666667,4.383792703750267,4.383792703750267,"{""p"": 2, ""d"": 0, ""q"": 2}"
JPN,EG.USE.PCAP.KG.OE,177.75953783109503,158.9156309258039,1.1185780580268354,-0.25121687189908637,2.000163626180949,0.4166666666666667,3.6002660620897595,3.6002660620897595,"{""p"": 2, ""d"": 0, ""q"": 1}"
JPN,FS.AST.PRVT.GD.ZS,6.914773703601313,5.7785462455234775,1.196628599962845,-0.4319200062490385,1.7149114755179005,0.08333333333333333,2.9991947121939395,2.9991947121939395,"{""p"": 0, ""d"": 1, ""q"": 0}"
JPN,NE.IMP.GNFS.ZS,2.1558539738706934,2.0463628629800827,1.0535052276755847,-0.10987326473978598,0.9981467393744229,0.5833333333333334,4.234847260289818,4.234847260289818,"{""p"": 1, ""d"": 1, ""q"": 0}"
JPN,NY.GDP.MKTP.CD,777087636256.9789,501248166141.96277,1.5503051956042335,-1.40344619951748,1.9722928172154477,0.5833333333333334,3.366667880602109,3.366667880602109,"{""p"": 2, ""d"": 1, ""q"": 2}"
JPN,NE.EXP.GNFS.ZS,1.971607946430233,1.6543545392866872,1.1917686926288102,-0.4203126167301836,1.0302423283627484,0.4166666666666667,3.7064867780989363,3.7064867780989363,"{""p"": 2, ""d"": 1, ""q"": 1}"
JPN,NY.GDP.MKTP.KD.ZG,2.4498689824549884,2.1166817492348073,1.15741016963964,-0.3395983007852601,0.763700934061984,0.6666666666666666,4.26632142567213,4.26632142567213,"{""p"": 2, ""d"": 1, ""q"": 2}"
JPN,EN.ATM.GHGT.KT.CE,57057.07705512474,53268.458611454465,1.0711231100435032,-0.14730471686926716,1.4569811702190152,0.5,3.944380097824868,3.944380097824868,"{""p"": 1, ""d"": 0, ""q"": 1}"
KOR,SP.DYN.LE00.IN,0.11276950650445232,1.2084642588810899,0.09331637710896387,0.9912920537632577,0.31247547921315183,0.8333333333333334,6.142427229103184,6.142427229103184,"{""p"": 2, ""d"": 0, ""q"": 2}"
KOR,SP.URB.TOTL.IN.ZS,0.2438579446449927,0.17979363581420135,1.356321337741873,-0.8396075712139033,3.892094538003161,0.9166666666666666,3.9265367489227785,3.9265367489227785,"{""p"": 1, ""d"": 0, ""q"": 2}"
KOR,NV.AGR.TOTL.ZS,0.3089758515872563,0.19559634579656365,1.5796606543386895,-1.4953277828657363,2.9404520998117984,0.75,3.4919365491455157,3.4919365491455157,"{""p"": 1, ""d"": 1, ""q"": 0}"
KOR,EG.USE.PCAP.KG.OE,158.68767806059842,267.99544137196483,0.5921282737057737,0.6493841074782204,2.01720094794324,0.5,4.653125100318842,4.653125100318842,"{""p"": 1, ""d"": 1, ""q"": 1}"
KOR,FS.AST.PRVT.GD.ZS,10.574235890550101,9.980148023229926,1.0595269595137635,-0.12259737793647996,1.541949345982522,0.6666666666666666,4.239878999800898,4.239878999800898,"{""p"": 1, ""d"": 1, ""q"": 0}"
KOR,NE.IMP.GNFS.ZS,8.466325291329069,6.3104694522735265,1.3416316100347865,-0.7999753770445335,1.7210145162059218,0.6666666666666666,3.7752894111753936,3.7752894111753936,"{""p"": 2, ""d"": 1, ""q"": 1}"
KOR,NY.GDP.MKTP.CD,167589930987.5338,236253532703.58502,0.7093647619559625,0.49680163449516057,1.6752609491559205,0.8333333333333334,5.133213835239673,5.133213835239673,"{""p"": 2, ""d"": 0, ""q"": 1}"
KOR,NE.EXP.GNFS.ZS,9.669991172122193,5.234660940436128,1.8473003852884757,-2.412518713486951,3.092925545244267,0.5833333333333334,3.015043969001474,3.015043969001474,"{""p"": 2, ""d"": 1, ""q"": 0}"
KOR,NY.GDP.MKTP.KD.ZG,3.0898007639519895,1.6686786593222627,1.8516451604929847,-2.4285898003770914,1.8461067260402355,0.4166666666666667,2.912036635237837,2.912036635237837,"{""p"": 2, ""d"": 1, ""q"": 0}"
KOR,EN.ATM.GHGT.KT.CE,41501.71460220586,43148.00541853162,0.9618454943546777,0.07485324498960533,2.802122935551925,0.6666666666666666,4.189483581705197,4.189483581705197,"{""p"": 2, ""d"": 1, ""q"": 2}"
MEX,SP.DYN.LE00.IN,0.13882019345238386,0.08652215230931735,1.6044468352578727,-1.5742496471690033,2.8635605275413445,0.5833333333333334,3.1850681337910802,3.1850681337910802,"{""p"": 1, ""d"": 1, ""q"": 0}"
MEX,SP.URB.TOTL.IN.ZS,0.037113981076759374,1.0944694967380058,0.03391047552021792,0.9988500796499927,0.10544806150405936,1.0,6.506823080131486,6.506823080131486,"{""p"": 2, ""d"": 1, ""q"": 0}"
MEX,NV.AGR.TOTL.ZS,0.21359057858808497,0.20052559085451074,1.0651537176771289,-0.1345524422814086,1.4123392892336237,0.5833333333333334,4.112310940154602,4.112310940154602,"{""p"": 2, ""d"": 1, ""q"": 0}"
MEX,EG.USE.PCAP.KG.OE,33.20611223365693,37.23295447827815,0.8918473620735498,0.2046082827624507,1.0638275044927066,0.4166666666666667,4.220850882867313,4.220850882867313,"{""p"": 2, ""d"": 0, ""q"": 2}"
MEX,FS.AST.PRVT.GD.ZS,8.12249951764682,5.668097592507568,1.4330204067734524,-1.0535474862291503,3.99037181318066,0.9166666666666666,3.838025704348126,3.838025704348126,"{""p"": 1, ""d"": 1, ""q"": 0}"
MEX,NE.IMP.GNFS.ZS,6.6027698939229325,3.926381224778908,1.6816425904478316,-1.8279218020080932,3.3748681136350043,0.6666666666666666,3.2317511881506125,3.2317511881506125,"{""p"": 2, ""d"": 1, ""q"": 1}"
MEX,NY.GDP.MKTP.CD,120133506177.36581,107094364435.01715,1.1217537618448687,-0.2583315022131143,0.9666565783943389,0.6666666666666666,4.274045954600292,4.274045954600292,"{""p"": 1, ""d"": 1, ""q"": 0}"
MEX,NE.EXP.GNFS.ZS,7.487840239215774,4.284284593144417,1.7477457616138736,-2.0546152472392594,4.582323106818275,0.75,3.282611688542031,3.282611688542031,"{""p"": 1, ""d"": 1, ""q"": 0}"
MEX,NY.GDP.MKTP.KD.ZG,4.035570284408299,3.627024621301197,1.1126393409925448,-0.23796630312432443,0.8519057577163832,0.6666666666666666,4.317892327021054,4.317892327021054,"{""p"": 1, ""d"": 1, ""q"": 0}"
MEX,EN.ATM.GHGT.KT.CE,23192.829450875444,13455.750184131375,1.7236370424167946,-1.9709246539913154,2.2523241829122433,0.3333333333333333,2.762468939148646,2.762468939148646,"{""p"": 2, ""d"": 0, ""q"": 2}"
RUS,SP.DYN.LE00.IN,2.762847583994606,1.6585270981450888,1.6658441017241132,-1.775036571249018,5.4075023798264015,0.9166666666666666,3.6122120911765707,3.6122120911765707,"{""p"": 1, ""d"": 1, ""q"": 0}"
RUS,SP.URB.TOTL.IN.ZS,0.21441569804920438,0.3634306946619769,0.5899768544553733,0.6519273112069432,1.4399821387983462,1.0,5.664840288420362,5.664840288420362,"{""p"": 1, ""d"": 1, ""q"": 1}"
RUS,NV.AGR.TOTL.ZS,0.33148134396277157,0.3358656429311965,0.9869462713418322,0.025937057484454296,1.0301525741161424,0.6666666666666666,4.494526726128964,4.494526726128964,"{""p"": 2, ""d"": 1, ""q"": 2}"
RUS,EG.USE.PCAP.KG.OE,142.3651848170506,145.80236081282612,0.9764257864096727,0.046592683634252396,1.0635305571727303,0.25,3.7878745188760297,3.7878745188760297,"{""p"": 1, ""d"": 0, ""q"": 2}"
RUS,FS.AST.PRVT.GD.ZS,4.051378126262022,5.7678552223092705,0.7024063486531091,0.506625321371807,1.0891952254888724,0.5833333333333334,4.839916301812288,4.839916301812288,"{""p"": 1, ""d"": 1, ""q"": 1}"
RUS,NE.IMP.GNFS.ZS,0.8019686662637793,0.47922792159791594,1.6734598092484494,-1.8004677331698562,1.911906269364093,0.75,3.5872477082820184,3.5872477082820184,"{""p"": 2, ""d"": 1, ""q"": 0}"
RUS,NY.GDP.MKTP.CD,352201006474.1046,336846667679.4258,1.0455825758956043,-0.09324292301648685,1.0696837079794295,0.5833333333333334,4.2309528530348235,4.2309528530348235,"{""p"": 2, ""d"": 1, ""q"": 2}"
RUS,NE.EXP.GNFS.ZS,1.9486887723931006,1.7907315704161593,1.0882081963519705,-0.18419707860760903,0.7373605179798588,0.5833333333333334,4.239337287761111,4.239337287761111,"{""p"": 2, ""d"": 0, ""q"": 0}"
RUS,NY.GDP.MKTP.KD.ZG,3.978007279219069,3.4852460290644496,1.1413849254960322,-0.30275954814958306,0.6757707116915442,0.6666666666666666,4.313748241345304,4.313748241345304,"{""p"": 1, ""d"": 0, ""q"": 0}"
RUS,EN.ATM.GHGT.KT.CE,50288.654440349506,57487.17481872851,0.8747804114382426,0.2347592317639391,0.8897287585695515,0.5,4.440030844862221,4.440030844862221,"{""p"": 1, ""d"": 0, ""q"": 2}"
SAU,SP.DYN.LE00.IN,0.10732427076964467,0.4979620598175631,0.2155270038222686,0.9535481106233958,0.7389320022066563,0.9166666666666666,6.108415262310473,6.108415262310473,"{""p"": 1, ""d"": 1, ""q"": 2}"
SAU,SP.URB.TOTL.IN.ZS,0.06655156343858254,0.8227587594984082,0.08088830738083598,0.9934570817290634,0.21155301390716738,1.0,6.461497741286108,6.461497741286108,"{""p"": 1, ""d"": 1, ""q"": 0}"
SAU,NV.AGR.TOTL.ZS,0.2721183366334752,0.2394250893997495,1.136548961162296,-0.29174354111909473,1.0349341235447105,0.5833333333333334,4.084220085587528,4.084220085587528,"{""p"": 2, ""d"": 1, ""q"": 1}"
SAU,EG.USE.PCAP.KG.OE,1137.9329812972549,304.2821349911241,3.7397298442461904,-12.985579307945638,4.7938190926763955,0.5,2.288619601987518,2.288619601987518,"{""p"": 0, ""d"": 1, ""q"": 2}"
SAU,FS.AST.PRVT.GD.ZS,12.361495871722589,8.227340955249856,1.5024898006487424,-1.257475601053497,2.5016183264903646,0.5,3.167925040355625,3.167925040355625,"{""p"": 1, ""d"": 1, ""q"": 0}"
SAU,NE.IMP.GNFS.ZS,3.2579174578650596,3.888337858061652,0.8378689241498014,0.2979756659440541,0.8116847837682795,0.5833333333333334,4.673472418192516,4.673472418192516,"{""p"": 1, ""d"": 1, ""q"": 1}"
SAU,NY.GDP.MKTP.CD,112731103330.98965,107050174774.73117,1.0530679054771561,-0.10895201354604445,1.4937351963587095,0.6666666666666666,4.262507805305443,4.262507805305443,"{""p"": 2, ""d"": 1, ""q"": 2}"
SAU,NE.EXP.GNFS.ZS,11.022004443962638,10.537301873078958,1.0459987363674201,-0.09411335648223962,1.5252248336724026,0.6666666666666666,4.26760164781852,4.26760164781852,"{""p"": 1, ""d"": 0, ""q"": 0}"
SAU,NY.GDP.MKTP.KD.ZG,3.5596982309198153,3.6066848533231126,0.986972351532182,0.025885577311035024,0.7712260035993166,0.5833333333333334,4.4106223515557375,4.4106223515557375,"{""p"": 2, ""d"": 1, ""q"": 0}"
SAU,EN.ATM.GHGT.KT.CE,137996.7014825572,71448.71085499189,1.9314092561113831,-2.7303417145927256,6.411034828148526,0.6666666666666666,3.0179527888548803,3.0179527888548803,"{""p"": 1, ""d"": 1, ""q"": 2}"
TUR,SP.DYN.LE00.IN,0.16453441544691744,1.3359958854417024,0.12315488186740907,0.9848328750722245,0.3918771434404407,0.9166666666666666,6.253828015353578,6.253828015353578,"{""p"": 2, ""d"": 1, ""q"": 0}"
TUR,SP.URB.TOTL.IN.ZS,0.367203836123924,2.0172903614420177,0.18202825093628863,0.9668657158610755,0.5571416973323132,1.0,6.320753325602043,6.320753325602043,"{""p"": 1, ""d"": 1, ""q"": 0}"
TUR,NV.AGR.TOTL.ZS,0.8936446900976462,0.9203943937768778,0.9709366942474921,0.05728193576375229,1.3840591224533698,0.5833333333333334,4.288067373030139,4.288067373030139,"{""p"": 2, ""d"": 1, ""q"": 0}"
TUR,EG.USE.PCAP.KG.OE,44.93404560708687,95.40907434946591,0.4709619699537354,0.7781948228572968,1.1057866067812128,0.4166666666666667,4.880353063655295,4.880353063655295,"{""p"": 2, ""d"": 1, ""q"": 1}"
TUR,FS.AST.PRVT.GD.ZS,27.76901843180332,12.919470650789112,2.1493928956065402,-3.619889819683867,5.711957892290509,0.0,1.836576945617667,1.836576945617667,"{""p"": 0, ""d"": 1, ""q"": 0}"
TUR,NE.IMP.GNFS.ZS,3.937976650752894,2.484556165454087,1.5849819398359928,-1.5121677496062667,1.5378216374958367,0.75,3.7309977367902007,3.7309977367902007,"{""p"": 2, ""d"": 1, ""q"": 2}"
TUR,NY.GDP.MKTP.CD,77829340133.99448,83986704042.89047,0.9266864442525148,0.14125223403863074,1.1088364004814526,0.4166666666666667,4.14560761810074,4.14560761810074,"{""p"": 2, ""d"": 1, ""q"": 2}"
TUR,NE.EXP.GNFS.ZS,4.788909894721523,3.267705731939737,1.4655266684245727,-1.1477684158636277,1.847812368545011,0.5,3.319544567418646,3.319544567418646,"{""p"": 2, ""d"": 1, ""q"": 2}"
TUR,NY.GDP.MKTP.KD.ZG,4.045696337666067,4.040939221498574,1.0011772303186806,-0.002355846508584447,0.7581692826548406,0.6666666666666666,4.536403857780783,4.536403857780783,"{""p"": 2, ""d"": 0, ""q"": 2}"
TUR,EN.ATM.GHGT.KT.CE,30132.114877078035,52748.06148601619,0.5712459193418176,0.6736780996353218,1.7200064593292415,0.6666666666666666,5.040352606708006,5.040352606708006,"{""p"": 2, ""d"": 0, ""q"": 2}"
USA,SP.DYN.LE00.IN,0.26422996353912875,0.2054471543763647,1.2861213110553875,-0.6541080267508284,2.1329008685054536,0.5833333333333334,3.6137910120752545,3.6137910120752545,"{""p"": 2, ""d"": 1, ""q"": 0}"
USA,SP.URB.TOTL.IN.ZS,0.22993648767784322,0.6944002904043244,0.33112959607773124,0.8903531906013985,0.9082937608661761,1.0,6.1104204280265595,6.1104204280265595,"{""p"": 1, ""d"": 1, ""q"": 0}"
USA,NV.AGR.TOTL.ZS,0.13040867340533335,0.12972256546656316,1.0052890407794706,-0.01060605551130811,1.2146436673415624,0.75,4.564107791214735,4.564107791214735,"{""p"": 2, ""d"": 1, ""q"": 2}"
USA,EG.USE.PCAP.KG.OE,559.8121917181892,193.72709051810705,2.889694932293764,-7.350336801724259,5.911691212956113,0.5,2.4151353043986745,2.4151353043986745,"{""p"": 0, ""d"": 0, ""q"": 1}"
USA,FS.AST.PRVT.GD.ZS,25.167783034870425,10.027127994322143,2.509969260302818,-5.299945687665075,3.262315071908117,0.6666666666666666,2.8967738775428438,2.8967738775428438,"{""p"": 1, ""d"": 1, ""q"": 0}"
USA,NE.IMP.GNFS.ZS,1.1605489633649555,1.136093639604557,1.0215257993776912,-0.04351495879423095,1.072957878165278,0.5833333333333334,4.2730001338009735,4.2730001338009735,"{""p"": 2, ""d"": 0, ""q"": 0}"
USA,NY.GDP.MKTP.CD,850700150271.106,2357717974715.9106,0.36081505905031314,0.8698124931625191,1.160060886265201,0.8333333333333334,5.727716208865685,5.727716208865685,"{""p"": 2, ""d"": 1, ""q"": 0}"
USA,NE.EXP.GNFS.ZS,0.8299884585132227,0.8059173145157229,1.0298680070075974,-0.060628111857800926,1.1994623817238523,0.4166666666666667,3.9352976797380004,3.9352976797380004,"{""p"": 1, ""d"": 1, ""q"": 0}"
USA,NY.GDP.MKTP.KD.ZG,2.1437713655223547,2.001109260446754,1.0712915121105135,-0.14766550392003053,0.7819599590456613,0.6666666666666666,4.405900616748277,4.405900616748277,"{""p"": 1, ""d"": 1, ""q"": 0}"
USA,EN.ATM.GHGT.KT.CE,161481.72332208566,206589.76415984725,0.7816540377922132,0.38901696520312934,0.7445060454821733,0.25,4.221244754377342,4.221244754377342,"{""p"": 0, ""d"": 0, ""q"": 2}"
ZAF,SP.DYN.LE00.IN,0.9084363635930077,2.926575404398994,0.31040934815057863,0.9036460365807328,0.9078539065233607,0.9166666666666666,5.986389713047747,5.986389713047747,"{""p"": 2, ""d"": 1, ""q"": 2}"
ZAF,SP.URB.TOTL.IN.ZS,0.029824467409060928,1.9342134710210463,0.015419429062975647,0.9997622412073719,0.04812846947647434,1.0,6.526521224415449,6.526521224415449,"{""p"": 1, ""d"": 1, ""q"": 0}"
ZAF,NV.AGR.TOTL.ZS,0.40255845203245544,0.2508454533992189,1.6048066511765167,-1.5754043876603867,2.015563357755585,0.6666666666666666,3.4647501434252614,3.4647501434252614,"{""p"": 1, ""d"": 1, ""q"": 2}"
ZAF,EG.USE.PCAP.KG.OE,75.30810353153839,86.60946820706422,0.8695135196014973,0.24394623923021674,1.5730920109762767,0.4166666666666667,4.138218113970051,4.138218113970051,"{""p"": 1, ""d"": 0, ""q"": 0}"
ZAF,FS.AST.PRVT.GD.ZS,15.304855408226533,5.085480626997555,3.0095199511678117,-8.05721033647711,3.8206590364299715,0.5,2.437900067565268,2.437900067565268,"{""p"": 1, ""d"": 0, ""q"": 2}"
ZAF,NE.IMP.GNFS.ZS,2.7312238815561427,2.9233876941810992,0.9342667368384112,0.12714566443730713,1.019314150954021,0.6666666666666666,4.593671471196601,4.593671471196601,"{""p"": 2, ""d"": 1, ""q"": 2}"
ZAF,NY.GDP.MKTP.CD,43734713508.039955,39741635236.40952,1.1004759428714235,-0.21104730083874834,1.1696466961456218,0.6666666666666666,4.259151737971888,4.259151737971888,"{""p"": 2, ""d"": 1, ""q"": 0}"
ZAF,NE.EXP.GNFS.ZS,1.5683291290393233,1.7500156502990427,0.8961800591733721,0.19686130154001136,0.825161628334302,0.4166666666666667,4.272449915445112,4.272449915445112,"{""p"": 2, ""d"": 1, ""q"": 2}"
ZAF,NY.GDP.MKTP.KD.ZG,3.673258599873491,2.624358336276207,1.3996787516012792,-0.9591006076841158,1.4021398192101586,0.6666666666666666,3.7825347311861117,3.7825347311861117,"{""p"": 1, ""d"": 0, ""q"": 1}"
ZAF,EN.ATM.GHGT.KT.CE,14864.441510240722,12710.160451317082,1.1694928295496383,-0.3677134783680194,0.9400073608626027,0.5,3.9081015665900427,3.9081015665900427,"{""p"": 2, ""d"": 1, ""q"": 1}"
