country,target,rmse,std,rmse/std,r2,mase,da,guiding,best_params
ARG,SP.DYN.LE00.IN,1.835830417340018,0.5642244716758307,3.25372349038199,-9.586716551863558,11.936638708230657,0.3333333333333333,-0.9501152260338289,"{""max_depth"": 10, ""max_features"": ""log2"", ""min_samples_split"": 2, ""n_estimators"": 50}"
ARG,SP.URB.TOTL.IN.ZS,1.670716255648339,0.4859167995600427,3.438276382214062,-10.821744480491018,11.782944837157597,0.5833333333333334,-0.5472314297979622,"{""max_depth"": 5, ""max_features"": ""log2"", ""min_samples_split"": 2, ""n_estimators"": 100}"
ARG,NV.AGR.TOTL.ZS,0.8928172362576765,0.7506139217377614,1.1894493432665054,-0.41478974019712145,0.7350884381626075,0.75,1.3718543201656956,"{""max_depth"": 5, ""max_features"": ""sqrt"", ""min_samples_split"": 5, ""n_estimators"": 100}"
ARG,EG.USE.PCAP.KG.OE,238.17537935113836,53.77320011501142,4.429258047535261,-18.618326851655873,10.330949694233153,0.4166666666666667,-0.9362804952179568,"{""max_depth"": 10, ""max_features"": ""sqrt"", ""min_samples_split"": 5, ""n_estimators"": 200}"
ARG,FS.AST.PRVT.GD.ZS,2.1200962773282064,1.3675226108930685,1.550318993222105,-1.403488980745201,2.4145001924103293,0.5,0.14087769011133533,"{""max_depth"": 10, ""max_features"": ""sqrt"", ""min_samples_split"": 5, ""n_estimators"": 50}"
ARG,NE.IMP.GNFS.ZS,1.657607648716134,1.621683759855517,1.022152215955975,-0.04479515258371025,0.8692322210584437,0.4166666666666667,1.0314500050668831,"{""max_depth"": 10, ""max_features"": ""sqrt"", ""min_samples_split"": 2, ""n_estimators"": 50}"
ARG,NY.GDP.MKTP.CD,269686957937.45187,91414691089.39188,2.950148982877736,-7.703379021174539,4.225172433106184,0.75,-0.12344669501087902,"{""max_depth"": 5, ""max_features"": ""log2"", ""min_samples_split"": 10, ""n_estimators"": 200}"
ARG,NE.EXP.GNFS.ZS,7.96096840224049,3.220817968549061,2.4717225499790687,-5.109412364075032,4.182689505419418,0.5833333333333334,-0.29452081215457016,"{""max_depth"": 5, ""max_features"": ""sqrt"", ""min_samples_split"": 10, ""n_estimators"": 200}"
ARG,NY.GDP.MKTP.KD.ZG,8.027138836934444,5.051102790320738,1.5891854056735069,-1.5255102536056686,1.100578707045922,0.6666666666666666,0.6852603000858283,"{""max_depth"": 10, ""max_features"": ""log2"", ""min_samples_split"": 2, ""n_estimators"": 200}"
ARG,EN.ATM.GHGT.KT.CE,55634.641332939565,12402.216207755184,4.485862881357517,-19.12296579034117,10.151782522246943,0.25,-1.2174548349368086,"{""max_depth"": 10, ""max_features"": ""log2"", ""min_samples_split"": 10, ""n_estimators"": 200}"
AUS,SP.DYN.LE00.IN,2.0576948353855196,0.4745409129575783,4.3361800409598565,-17.802457347618624,15.544493134094076,0.3333333333333333,-1.0714888714869024,"{""max_depth"": 5, ""max_features"": ""log2"", ""min_samples_split"": 2, ""n_estimators"": 100}"
AUS,SP.URB.TOTL.IN.ZS,1.0547293792941002,0.3952922669764237,2.668226695557915,-6.11943369888791,8.997190944648398,0.5,-0.5370478182359071,"{""max_depth"": 20, ""max_features"": ""sqrt"", ""min_samples_split"": 2, ""n_estimators"": 100}"
AUS,NV.AGR.TOTL.ZS,0.5619304370379243,0.17964189941430247,3.128058870842608,-8.784752299457132,3.888568096503137,0.4166666666666667,-0.7336353686524798,"{""max_depth"": 5, ""max_features"": ""sqrt"", ""min_samples_split"": 5, ""n_estimators"": 100}"
AUS,EG.USE.PCAP.KG.OE,179.15994701428016,181.40756405500082,0.9876101250108887,0.024626240975976876,2.564013425808743,0.25,0.45644561335659317,"{""max_depth"": 5, ""max_features"": ""sqrt"", ""min_samples_split"": 2, ""n_estimators"": 200}"
AUS,FS.AST.PRVT.GD.ZS,26.171819031613147,8.1233491487421,3.2218015688351707,-9.380005348948767,6.845439282774365,0.3333333333333333,-0.9416863763267793,"{""max_depth"": 5, ""max_features"": ""sqrt"", ""min_samples_split"": 2, ""n_estimators"": 200}"
AUS,NE.IMP.GNFS.ZS,0.8432796265734567,0.7565734073457099,1.1146038419879687,-0.2423417245743409,1.11920935716293,0.5,0.9526556623661205,"{""max_depth"": 20, ""max_features"": ""log2"", ""min_samples_split"": 5, ""n_estimators"": 200}"
AUS,NY.GDP.MKTP.CD,664765240984.0814,182160247711.20117,3.6493430884986906,-12.317704977573165,5.199643899101035,0.5,-0.7078947487715694,"{""max_depth"": 5, ""max_features"": ""log2"", ""min_samples_split"": 5, ""n_estimators"": 200}"
AUS,NE.EXP.GNFS.ZS,2.5651351667121873,1.501059640050646,1.7088829106254828,-1.9202808022278224,1.5437059706315905,0.8333333333333334,0.7939297649186122,"{""max_depth"": 10, ""max_features"": ""sqrt"", ""min_samples_split"": 2, ""n_estimators"": 50}"
AUS,NY.GDP.MKTP.KD.ZG,1.1666120570771088,0.961784190358345,1.2129665560861926,-0.4712878661835984,1.021581927791641,0.3333333333333333,0.5355870737087626,"{""max_depth"": 5, ""max_features"": ""sqrt"", ""min_samples_split"": 2, ""n_estimators"": 100}"
AUS,EN.ATM.GHGT.KT.CE,34730.15205349262,31131.578727761946,1.115592381523575,-0.2445463617134418,0.9408836931881804,0.6666666666666666,1.2907632190412668,"{""max_depth"": 20, ""max_features"": ""log2"", ""min_samples_split"": 2, ""n_estimators"": 200}"
BRA,SP.DYN.LE00.IN,4.413713886230033,0.9471847229597221,4.659823769579232,-20.713957563535597,17.492260839160355,0.25,-1.22681256469297,"{""max_depth"": 5, ""max_features"": ""log2"", ""min_samples_split"": 2, ""n_estimators"": 200}"
BRA,SP.URB.TOTL.IN.ZS,5.368804741000178,1.0409167670742614,5.157765645461214,-25.60254645349993,18.716266407479438,0.3333333333333333,-1.1093875171646566,"{""max_depth"": 5, ""max_features"": ""log2"", ""min_samples_split"": 2, ""n_estimators"": 50}"
BRA,NV.AGR.TOTL.ZS,1.3176639282198694,0.4370533180637451,3.014881420091829,-8.08950997721492,3.695459114107591,0.5,-0.5561915200459439,"{""max_depth"": 10, ""max_features"": ""log2"", ""min_samples_split"": 5, ""n_estimators"": 100}"
BRA,EG.USE.PCAP.KG.OE,303.8225117386134,85.36809093259839,3.5589704352003575,-11.666270558630226,11.248101093036313,0.25,-1.1333074524241376,"{""max_depth"": 10, ""max_features"": ""sqrt"", ""min_samples_split"": 2, ""n_estimators"": 100}"
BRA,FS.AST.PRVT.GD.ZS,26.882581459788074,7.00219789777211,3.839163338748439,-13.739175141590065,7.978570916982668,0.4166666666666667,-0.8877369525193649,"{""max_depth"": 5, ""max_features"": ""log2"", ""min_samples_split"": 10, ""n_estimators"": 200}"
BRA,NE.IMP.GNFS.ZS,1.645213389755132,1.2074669512396194,1.3625328528173046,-0.856495775006463,1.3968450814204858,0.4166666666666667,0.3858078324323194,"{""max_depth"": 10, ""max_features"": ""log2"", ""min_samples_split"": 5, ""n_estimators"": 50}"
BRA,NY.GDP.MKTP.CD,1069984359669.5028,358599279394.56793,2.9837883708968516,-7.90299304229929,4.4894524437089185,0.5833333333333334,-0.43640603143997403,"{""max_depth"": 10, ""max_features"": ""sqrt"", ""min_samples_split"": 2, ""n_estimators"": 200}"
BRA,NE.EXP.GNFS.ZS,2.1746108467315857,1.67357811308308,1.2993781585285546,-0.6883835988610576,1.864250661675467,0.4166666666666667,0.35788141049216826,"{""max_depth"": 5, ""max_features"": ""sqrt"", ""min_samples_split"": 5, ""n_estimators"": 100}"
BRA,NY.GDP.MKTP.KD.ZG,4.39029491250155,3.2762803001471985,1.3400242074233697,-0.7956648764806307,1.1560974958929335,0.3333333333333333,0.330438538839147,"{""max_depth"": 5, ""max_features"": ""sqrt"", ""min_samples_split"": 10, ""n_estimators"": 200}"
BRA,EN.ATM.GHGT.KT.CE,178750.82307048375,56184.23410646601,3.1815121432777898,-9.122019517824036,6.3602494176878235,0.5833333333333334,-0.5003284158104373,"{""max_depth"": 20, ""max_features"": ""log2"", ""min_samples_split"": 2, ""n_estimators"": 50}"
CAN,SP.DYN.LE00.IN,2.0134460799514153,0.4151821190369591,4.849549119845839,-22.518126665797546,17.34022453222385,0.4166666666666667,-0.9574649256955188,"{""max_depth"": 10, ""max_features"": ""sqrt"", ""min_samples_split"": 2, ""n_estimators"": 100}"
CAN,SP.URB.TOTL.IN.ZS,2.1057040448111835,0.2702561134625914,7.791513086724875,-59.70767618060499,24.988691466392766,0.4166666666666667,-0.9969120814957095,"{""max_depth"": 5, ""max_features"": ""log2"", ""min_samples_split"": 2, ""n_estimators"": 100}"
CAN,NV.AGR.TOTL.ZS,0.1436158170608682,0.13872299421063347,1.0352704530209722,-0.07178491089824868,1.1599068800339318,0.4166666666666667,0.9354743205519869,"{""max_depth"": 5, ""max_features"": ""sqrt"", ""min_samples_split"": 2, ""n_estimators"": 50}"
CAN,EG.USE.PCAP.KG.OE,463.57158380892497,160.17543810325284,2.8941489987378457,-7.376098426895272,4.554853645795429,0.3333333333333333,-0.8508518830204497,"{""max_depth"": 20, ""max_features"": ""log2"", ""min_samples_split"": 2, ""n_estimators"": 100}"
CAN,FS.AST.PRVT.GD.ZS,4.561082581509597,2.842170943040401e-14,160478826675724.06,-2.5753453811217084e+28,inf,0.0,-1000000000.0,"{""max_depth"": 10, ""max_features"": ""log2"", ""min_samples_split"": 2, ""n_estimators"": 200}"
CAN,NE.IMP.GNFS.ZS,1.0233353681794444,1.3092387051537775,0.7816262719327778,0.38906037102446744,0.8568502877318899,0.6666666666666666,1.9109743193681519,"{""max_depth"": 10, ""max_features"": ""log2"", ""min_samples_split"": 2, ""n_estimators"": 50}"
CAN,NY.GDP.MKTP.CD,516015754405.1147,134568799852.6135,3.83458688024476,-13.704056542145238,4.655559251323277,0.4166666666666667,-0.862993232433696,"{""max_depth"": 5, ""max_features"": ""sqrt"", ""min_samples_split"": 2, ""n_estimators"": 100}"
CAN,NE.EXP.GNFS.ZS,4.816370993461189,1.5309908799141032,3.145917494773981,-8.896796883925001,3.8177941601177463,0.4166666666666667,-0.7333590072823635,"{""max_depth"": 20, ""max_features"": ""log2"", ""min_samples_split"": 2, ""n_estimators"": 50}"
CAN,NY.GDP.MKTP.KD.ZG,4.845646738516737,2.450166040030679,1.977680965023931,-2.9112219994179886,1.962815515162747,0.5,-0.0259821953918844,"{""max_depth"": 10, ""max_features"": ""log2"", ""min_samples_split"": 2, ""n_estimators"": 200}"
CAN,EN.ATM.GHGT.KT.CE,60159.820475824155,18621.95650046808,3.2305853831369427,-9.436681917738065,4.658408405375293,0.4166666666666667,-0.7799553958354843,"{""max_depth"": 20, ""max_features"": ""log2"", ""min_samples_split"": 2, ""n_estimators"": 50}"
CHN,SP.DYN.LE00.IN,3.065980735019954,1.030815182672628,2.9743263259575654,-7.84661709328423,10.9040658983525,0.16666666666666666,-1.1649342582036608,"{""max_depth"": 20, ""max_features"": ""log2"", ""min_samples_split"": 2, ""n_estimators"": 200}"
CHN,SP.URB.TOTL.IN.ZS,13.668511227487109,4.6463320164513195,2.9417853005533954,-7.654100754552031,10.141019234644084,0.16666666666666666,-1.1578226818197013,"{""max_depth"": 20, ""max_features"": ""sqrt"", ""min_samples_split"": 2, ""n_estimators"": 200}"
CHN,NV.AGR.TOTL.ZS,3.694467726291933,0.951425766952221,3.883085632762207,-14.07835403136427,11.116249031194894,0.4166666666666667,-0.893123555821343,"{""max_depth"": 5, ""max_features"": ""sqrt"", ""min_samples_split"": 2, ""n_estimators"": 200}"
CHN,EG.USE.PCAP.KG.OE,794.0719084504415,186.10969764454845,4.266687434886076,-17.20462166701471,16.2336927074714,0.16666666666666666,-1.3353717226125108,"{""max_depth"": 5, ""max_features"": ""log2"", ""min_samples_split"": 2, ""n_estimators"": 200}"
CHN,FS.AST.PRVT.GD.ZS,38.34242635809115,20.846985006924935,1.8392312531214752,-2.3827716024587917,4.424350571130311,0.08333333333333333,-0.8863882628284604,"{""max_depth"": 10, ""max_features"": ""sqrt"", ""min_samples_split"": 2, ""n_estimators"": 200}"
CHN,NE.IMP.GNFS.ZS,5.895510475979659,2.8907561167520375,2.039435441065042,-3.159296918272161,3.4999645677085116,0.5833333333333334,-0.10567953786752593,"{""max_depth"": 10, ""max_features"": ""sqrt"", ""min_samples_split"": 2, ""n_estimators"": 200}"
CHN,NY.GDP.MKTP.CD,8297957411033.058,3291442190212.9663,2.5210703793330653,-5.3557958575505635,8.953882027458777,0.08333333333333333,-1.176040875723448,"{""max_depth"": 5, ""max_features"": ""log2"", ""min_samples_split"": 2, ""n_estimators"": 50}"
CHN,NE.EXP.GNFS.ZS,9.313945598708107,4.0675697537707505,2.2898059928963286,-4.243211485103941,5.419354080313575,0.75,0.03354190605908802,"{""max_depth"": 10, ""max_features"": ""sqrt"", ""min_samples_split"": 2, ""n_estimators"": 50}"
CHN,NY.GDP.MKTP.KD.ZG,4.267506942440109,2.0266444942380732,2.1057008047405468,-3.4339758790849872,4.53559302745871,0.5833333333333334,-0.17978735035475957,"{""max_depth"": 5, ""max_features"": ""sqrt"", ""min_samples_split"": 2, ""n_estimators"": 200}"
CHN,EN.ATM.GHGT.KT.CE,4686330.714086971,1123988.996845952,4.1693741907059385,-16.383681142124807,15.028097002484877,0.3333333333333333,-1.0595205674985186,"{""max_depth"": 10, ""max_features"": ""log2"", ""min_samples_split"": 2, ""n_estimators"": 200}"
DEU,SP.DYN.LE00.IN,1.4985535730622737,0.44779692932001874,3.346502566102525,-10.199079424930783,7.130909005628416,0.25,-1.1001369258828315,"{""max_depth"": 20, ""max_features"": ""log2"", ""min_samples_split"": 2, ""n_estimators"": 100}"
DEU,SP.URB.TOTL.IN.ZS,1.0044842068123803,0.2319786258262533,4.330072235037361,-17.749525560641448,13.400479236025033,0.4166666666666667,-0.9300443391672191,"{""max_depth"": 5, ""max_features"": ""log2"", ""min_samples_split"": 2, ""n_estimators"": 200}"
DEU,NV.AGR.TOTL.ZS,0.09993713259182777,0.09711135619587834,1.0290983105029416,-0.05904333268000861,0.9345294825514682,0.08333333333333333,0.4667934912149849,"{""max_depth"": 5, ""max_features"": ""sqrt"", ""min_samples_split"": 2, ""n_estimators"": 50}"
DEU,EG.USE.PCAP.KG.OE,210.36219911806865,77.89481655647056,2.7005930358095735,-6.293202745063167,2.780723461818369,0.25,-0.8239852097132292,"{""max_depth"": 10, ""max_features"": ""log2"", ""min_samples_split"": 2, ""n_estimators"": 200}"
DEU,FS.AST.PRVT.GD.ZS,18.076837868830268,6.810923865017364,2.654094837512059,-6.044219406508166,6.262925621197544,0.4166666666666667,-0.6728590584331835,"{""max_depth"": 5, ""max_features"": ""sqrt"", ""min_samples_split"": 2, ""n_estimators"": 50}"
DEU,NE.IMP.GNFS.ZS,7.951233787009363,2.043651668676833,3.8906991386440173,-14.1375397874453,4.6956556655020565,0.4166666666666667,-0.8696960612299515,"{""max_depth"": 10, ""max_features"": ""sqrt"", ""min_samples_split"": 10, ""n_estimators"": 200}"
DEU,NY.GDP.MKTP.CD,539316147760.1838,197209236733.18243,2.7347408097819508,-6.478807296686838,2.3686544908061897,0.16666666666666666,-0.9060189525190607,"{""max_depth"": 10, ""max_features"": ""sqrt"", ""min_samples_split"": 2, ""n_estimators"": 100}"
DEU,NE.EXP.GNFS.ZS,4.7236255111075005,2.4382107893455127,1.9373327079630633,-2.753258021343496,2.424209200151115,0.5833333333333334,0.05648045483292641,"{""max_depth"": 20, ""max_features"": ""sqrt"", ""min_samples_split"": 2, ""n_estimators"": 200}"
DEU,NY.GDP.MKTP.KD.ZG,3.3657761608758086,2.829933403030617,1.1893481865231703,-0.4145491087859543,0.8904443658938903,0.5,0.8895473647692063,"{""max_depth"": 10, ""max_features"": ""sqrt"", ""min_samples_split"": 2, ""n_estimators"": 200}"
DEU,EN.ATM.GHGT.KT.CE,122459.93556189397,30218.12965362538,4.052531939123572,-15.423015117616657,5.963721208473296,0.16666666666666666,-1.3116806979833626,"{""max_depth"": 5, ""max_features"": ""sqrt"", ""min_samples_split"": 10, ""n_estimators"": 100}"
EUU,SP.DYN.LE00.IN,2.437018190975586,0.6535971144201941,3.728624464839421,-12.902640399799061,10.694142063021657,0.16666666666666666,-1.2861634905401549,"{""max_depth"": 20, ""max_features"": ""log2"", ""min_samples_split"": 2, ""n_estimators"": 200}"
EUU,SP.URB.TOTL.IN.ZS,2.1588136982115205,0.7350158505943448,2.9370981543675168,-7.626545568389071,9.995190657055899,0.5,-0.6026727722760546,"{""max_depth"": 5, ""max_features"": ""sqrt"", ""min_samples_split"": 2, ""n_estimators"": 50}"
EUU,NV.AGR.TOTL.ZS,0.2253471651462163,0.06315332708832277,3.5682548416025357,-11.73244261461994,3.0922680504769593,0.08333333333333333,-1.2828278111507019,"{""max_depth"": 5, ""max_features"": ""sqrt"", ""min_samples_split"": 2, ""n_estimators"": 50}"
EUU,EG.USE.PCAP.KG.OE,280.90921914522147,94.20202545555979,2.9819870410083866,-7.892246712741953,3.887447503994212,0.4166666666666667,-0.7041627380899276,"{""max_depth"": 10, ""max_features"": ""sqrt"", ""min_samples_split"": 2, ""n_estimators"": 50}"
EUU,FS.AST.PRVT.GD.ZS,6.993210822608257,6.33049628288456,1.1046860325177734,-0.22033123043985903,2.455638997939147,0.3333333333333333,0.40278848193786854,"{""max_depth"": 5, ""max_features"": ""sqrt"", ""min_samples_split"": 2, ""n_estimators"": 50}"
EUU,NE.IMP.GNFS.ZS,4.239298699003597,2.315341819512454,1.8309601905330222,-2.3524152193167214,2.274481264819477,0.5833333333333334,0.13200537097765053,"{""max_depth"": 10, ""max_features"": ""sqrt"", ""min_samples_split"": 2, ""n_estimators"": 100}"
EUU,NY.GDP.MKTP.CD,2769546785926.739,771893099866.4305,3.587992672050035,-11.873691414684755,3.1010292619111888,0.5,-0.6059057581423103,"{""max_depth"": 5, ""max_features"": ""sqrt"", ""min_samples_split"": 2, ""n_estimators"": 100}"
EUU,NE.EXP.GNFS.ZS,6.029780168679169,3.0615362853235717,1.9695275857368733,-2.8790389109785166,3.198987639178748,0.3333333333333333,-0.4843533740975884,"{""max_depth"": 10, ""max_features"": ""sqrt"", ""min_samples_split"": 2, ""n_estimators"": 200}"
EUU,NY.GDP.MKTP.KD.ZG,3.3849123476433682,2.636880812639732,1.283680449801899,-0.6478354972036058,0.9576221440967347,0.6666666666666666,1.0323497808603632,"{""max_depth"": 5, ""max_features"": ""sqrt"", ""min_samples_split"": 2, ""n_estimators"": 200}"
EUU,EN.ATM.GHGT.KT.CE,572519.6592933045,178515.83582482726,3.2071085270838524,-9.285545104493956,7.363198065242457,0.08333333333333333,-1.3351487669175595,"{""max_depth"": 20, ""max_features"": ""log2"", ""min_samples_split"": 2, ""n_estimators"": 100}"
FRA,SP.DYN.LE00.IN,2.195798052742782,0.48537241695474515,4.52394486386216,-19.466077131264818,9.19638947008533,0.3333333333333333,-1.0826379654119784,"{""max_depth"": 5, ""max_features"": ""sqrt"", ""min_samples_split"": 2, ""n_estimators"": 50}"
FRA,SP.URB.TOTL.IN.ZS,2.644830153137546,0.9698752375080836,2.72697977106102,-6.436418671776012,9.442316555668326,0.4166666666666667,-0.6969758372335424,"{""max_depth"": 5, ""max_features"": ""sqrt"", ""min_samples_split"": 2, ""n_estimators"": 50}"
FRA,NV.AGR.TOTL.ZS,0.22716560838517297,0.10233145569573326,2.219900096609734,-3.9279564389279056,1.632512112384761,0.3333333333333333,-0.33628618040158564,"{""max_depth"": 5, ""max_features"": ""sqrt"", ""min_samples_split"": 2, ""n_estimators"": 200}"
FRA,EG.USE.PCAP.KG.OE,412.93114343454687,138.89352224850276,2.9730050527176273,-7.838759043484542,6.768034545483739,0.25,-1.029744504001791,"{""max_depth"": 5, ""max_features"": ""log2"", ""min_samples_split"": 2, ""n_estimators"": 50}"
FRA,FS.AST.PRVT.GD.ZS,16.53544506928093,8.051336696170837,2.0537515313631185,-3.217895352576355,4.6678375107588295,0.3333333333333333,-0.5948420521561122,"{""max_depth"": 5, ""max_features"": ""sqrt"", ""min_samples_split"": 2, ""n_estimators"": 50}"
FRA,NE.IMP.GNFS.ZS,3.7531961659336095,1.8418020902690133,2.037784724951321,-3.152566585244931,2.927643840238331,0.4166666666666667,-0.3451521258759447,"{""max_depth"": 10, ""max_features"": ""sqrt"", ""min_samples_split"": 5, ""n_estimators"": 100}"
FRA,NY.GDP.MKTP.CD,348741114286.48065,142272029472.80347,2.4512275222245674,-5.008516365711191,2.1928537720734256,0.4166666666666667,-0.3866073788679767,"{""max_depth"": 5, ""max_features"": ""sqrt"", ""min_samples_split"": 2, ""n_estimators"": 200}"
FRA,NE.EXP.GNFS.ZS,3.0246879434181353,1.9069596559321276,1.5861310615612676,-1.5158117444494739,2.1692300516377414,0.5,0.1544505997975294,"{""max_depth"": 5, ""max_features"": ""sqrt"", ""min_samples_split"": 2, ""n_estimators"": 100}"
FRA,NY.GDP.MKTP.KD.ZG,3.4646809704022377,2.7257537741318822,1.2710909559340862,-0.6156722182574297,1.1737766502841196,0.5,0.7001856528784774,"{""max_depth"": 10, ""max_features"": ""sqrt"", ""min_samples_split"": 2, ""n_estimators"": 200}"
FRA,EN.ATM.GHGT.KT.CE,61249.81696284045,20701.81617393528,2.958668768393245,-7.753720881065602,7.263956826663687,0.25,-1.0278709221836362,"{""max_depth"": 5, ""max_features"": ""log2"", ""min_samples_split"": 2, ""n_estimators"": 100}"
GBR,SP.DYN.LE00.IN,2.03733057586621,0.5060015610376539,4.026332590137213,-15.211354126401034,9.470659727804875,0.5,-0.7620228374942226,"{""max_depth"": 5, ""max_features"": ""sqrt"", ""min_samples_split"": 5, ""n_estimators"": 200}"
GBR,SP.URB.TOTL.IN.ZS,2.6770320473938174,0.9808400155451817,2.7293258889991745,-6.449219808361134,9.503459207459246,0.4166666666666667,-0.6975899204942367,"{""max_depth"": 5, ""max_features"": ""sqrt"", ""min_samples_split"": 5, ""n_estimators"": 100}"
GBR,NV.AGR.TOTL.ZS,0.06908789759529173,0.056671801056998886,1.219087735111949,-0.4861749059003817,1.2418764489882663,0.4166666666666667,0.6127658900316643,"{""max_depth"": 10, ""max_features"": ""sqrt"", ""min_samples_split"": 2, ""n_estimators"": 50}"
GBR,EG.USE.PCAP.KG.OE,687.3655778574638,201.70469809743295,3.4077816944324892,-10.612976076909169,8.64440690668584,0.25,-1.111354228686133,"{""max_depth"": 20, ""max_features"": ""log2"", ""min_samples_split"": 10, ""n_estimators"": 200}"
GBR,FS.AST.PRVT.GD.ZS,23.929979600518333,22.88474631965825,1.045673798007637,-0.09343369183971584,3.265804928925667,0.3333333333333333,0.4098619649119649,"{""max_depth"": 20, ""max_features"": ""log2"", ""min_samples_split"": 2, ""n_estimators"": 200}"
GBR,NE.IMP.GNFS.ZS,3.110837304217289,1.4772650642640972,2.105808483169511,-3.4344293677886784,2.0074894401451644,0.16666666666666666,-0.6416574916691622,"{""max_depth"": 5, ""max_features"": ""log2"", ""min_samples_split"": 2, ""n_estimators"": 50}"
GBR,NY.GDP.MKTP.CD,222865805033.22217,173278126272.9959,1.2861739091182343,-0.6542433244964796,1.1243777792381444,0.25,0.2698977392228823,"{""max_depth"": 10, ""max_features"": ""sqrt"", ""min_samples_split"": 2, ""n_estimators"": 50}"
GBR,NE.EXP.GNFS.ZS,3.5719612338816433,1.5606973627871632,2.288695629947548,-4.238127686541004,2.436359221256946,0.3333333333333333,-0.5153041025819142,"{""max_depth"": 20, ""max_features"": ""log2"", ""min_samples_split"": 10, ""n_estimators"": 50}"
GBR,NY.GDP.MKTP.KD.ZG,4.023021599427162,3.368839303466261,1.1941862573521393,-0.42608081724871005,0.9402858416006514,0.4166666666666667,0.7252713270828246,"{""max_depth"": 5, ""max_features"": ""sqrt"", ""min_samples_split"": 2, ""n_estimators"": 50}"
GBR,EN.ATM.GHGT.KT.CE,156136.76594958085,60603.791140420544,2.5763531127583743,-5.637595361619764,6.8188211125158045,0.08333333333333333,-1.1894491019647435,"{""max_depth"": 5, ""max_features"": ""sqrt"", ""min_samples_split"": 2, ""n_estimators"": 50}"
IDN,SP.DYN.LE00.IN,4.105745576855396,1.0579721084454536,3.880769203725259,-14.060369612582377,14.160906423350978,0.4166666666666667,-0.8929292948843555,"{""max_depth"": 5, ""max_features"": ""sqrt"", ""min_samples_split"": 2, ""n_estimators"": 200}"
IDN,SP.URB.TOTL.IN.ZS,8.199725281755075,2.564532962082856,3.197356166986227,-9.22308645856486,11.123081461038405,0.4166666666666667,-0.7991394857567649,"{""max_depth"": 5, ""max_features"": ""log2"", ""min_samples_split"": 2, ""n_estimators"": 100}"
IDN,NV.AGR.TOTL.ZS,1.8150908773648793,0.6548625368920328,2.771712802474962,-6.682391859403608,4.2498662768167,0.3333333333333333,-0.8121893267371527,"{""max_depth"": 5, ""max_features"": ""sqrt"", ""min_samples_split"": 10, ""n_estimators"": 200}"
IDN,EG.USE.PCAP.KG.OE,106.61390229294729,26.753619454676453,3.9850272399053464,-14.880442102787626,6.799581538621819,0.08333333333333333,-1.4358642297716049,"{""max_depth"": 5, ""max_features"": ""log2"", ""min_samples_split"": 2, ""n_estimators"": 100}"
IDN,FS.AST.PRVT.GD.ZS,8.442010529344449,4.660399501217948,1.8114349482567353,-2.2812965717658815,5.576336564107854,0.08333333333333333,-0.8934502263179568,"{""max_depth"": 5, ""max_features"": ""sqrt"", ""min_samples_split"": 2, ""n_estimators"": 50}"
IDN,NE.IMP.GNFS.ZS,4.627123607170794,3.2742904305755336,1.4131683506027497,-0.9970447871452965,1.7085846929092425,0.75,0.8460027613633359,"{""max_depth"": 5, ""max_features"": ""sqrt"", ""min_samples_split"": 2, ""n_estimators"": 100}"
IDN,NY.GDP.MKTP.CD,565637114753.6986,177107780901.21255,3.1937451413791953,-9.200008028083214,8.235576312481813,0.3333333333333333,-0.9388433350348936,"{""max_depth"": 5, ""max_features"": ""sqrt"", ""min_samples_split"": 5, ""n_estimators"": 50}"
IDN,NE.EXP.GNFS.ZS,7.95553945329365,3.3696937239878153,2.3609087664735244,-4.573890203611538,4.304083501751455,0.6666666666666666,-0.11553618986550251,"{""max_depth"": 10, ""max_features"": ""log2"", ""min_samples_split"": 2, ""n_estimators"": 50}"
IDN,NY.GDP.MKTP.KD.ZG,2.223645267893234,2.057593237213433,1.0807020686482633,-0.16791696118063548,1.0560835173047278,0.6666666666666666,1.3212886475538168,"{""max_depth"": 10, ""max_features"": ""sqrt"", ""min_samples_split"": 2, ""n_estimators"": 100}"
IDN,EN.ATM.GHGT.KT.CE,80005.04918141855,81097.55427914686,0.9865285074569846,0.026761503974694345,2.6170724536403065,0.6666666666666666,1.168433368704525,"{""max_depth"": 5, ""max_features"": ""sqrt"", ""min_samples_split"": 2, ""n_estimators"": 200}"
IND,SP.DYN.LE00.IN,3.390769873533622,1.2603016498127408,2.690443096728019,-6.238484056731456,9.692143966856381,0.4166666666666667,-0.6875306228686314,"{""max_depth"": 10, ""max_features"": ""log2"", ""min_samples_split"": 2, ""n_estimators"": 200}"
IND,SP.URB.TOTL.IN.ZS,3.248811567506441,1.4561490227072789,2.2310982714298264,-3.97779949677716,7.3779696416831095,0.4166666666666667,-0.544510713512525,"{""max_depth"": 5, ""max_features"": ""sqrt"", ""min_samples_split"": 2, ""n_estimators"": 200}"
IND,NV.AGR.TOTL.ZS,0.5809834439083789,0.5532694610569547,1.0500912933066646,-0.10269172427846329,1.0563008403246192,0.6666666666666666,1.3746688517245238,"{""max_depth"": 10, ""max_features"": ""sqrt"", ""min_samples_split"": 2, ""n_estimators"": 200}"
IND,EG.USE.PCAP.KG.OE,149.83667689063094,42.91298834933777,3.491639306749496,-11.1915450484381,12.737512938386432,0.16666666666666666,-1.2559349260294033,"{""max_depth"": 10, ""max_features"": ""sqrt"", ""min_samples_split"": 5, ""n_estimators"": 100}"
IND,FS.AST.PRVT.GD.ZS,8.11918307808149,1.8041979370147132,4.500162045144428,-19.25145843255848,5.7531192046409325,0.6666666666666666,-0.49234632274096146,"{""max_depth"": 5, ""max_features"": ""sqrt"", ""min_samples_split"": 2, ""n_estimators"": 100}"
IND,NE.IMP.GNFS.ZS,4.019225303874572,3.9905916052555757,1.0071753016723852,-0.014402088298860027,1.516886960582127,0.5,1.0437564442256408,"{""max_depth"": 10, ""max_features"": ""log2"", ""min_samples_split"": 2, ""n_estimators"": 100}"
IND,NY.GDP.MKTP.CD,1166647036268.303,507226160567.15753,2.300052968411193,-4.2902436574971405,6.495485599353621,0.5,-0.4217552313280436,"{""max_depth"": 10, ""max_features"": ""log2"", ""min_samples_split"": 2, ""n_estimators"": 200}"
IND,NE.EXP.GNFS.ZS,2.6447846404323414,2.5419926581623713,1.0404375606435776,-0.08251031759795824,1.4074205882378796,0.5833333333333334,1.1570153317325076,"{""max_depth"": 10, ""max_features"": ""sqrt"", ""min_samples_split"": 2, ""n_estimators"": 100}"
IND,NY.GDP.MKTP.KD.ZG,4.801901562110932,4.156636638491486,1.15523726987443,-0.334573149706926,1.1402847474246756,0.3333333333333333,0.5953087444564105,"{""max_depth"": 5, ""max_features"": ""sqrt"", ""min_samples_split"": 2, ""n_estimators"": 200}"
IND,EN.ATM.GHGT.KT.CE,982196.2834916181,347967.82717191766,2.82266407062499,-6.967432455597238,10.310244604773539,0.16666666666666666,-1.1305095060742403,"{""max_depth"": 5, ""max_features"": ""sqrt"", ""min_samples_split"": 5, ""n_estimators"": 50}"
ITA,SP.DYN.LE00.IN,3.5926747232706475,0.6105146385902605,5.8846659787986315,-33.62929368203006,10.950590111252735,0.25,-1.2619376823066721,"{""max_depth"": 10, ""max_features"": ""sqrt"", ""min_samples_split"": 5, ""n_estimators"": 100}"
ITA,SP.URB.TOTL.IN.ZS,2.6289368696059197,0.9696956699437689,2.7110947806525396,-6.350034909681442,9.272709723447644,0.3333333333333333,-0.8338731309259311,"{""max_depth"": 5, ""max_features"": ""log2"", ""min_samples_split"": 2, ""n_estimators"": 100}"
ITA,NV.AGR.TOTL.ZS,0.5361429034265518,0.09600911981579234,5.584291413724249,-30.184310593394365,6.286022195743326,0.3333333333333333,-1.1149387336394572,"{""max_depth"": 5, ""max_features"": ""sqrt"", ""min_samples_split"": 10, ""n_estimators"": 50}"
ITA,EG.USE.PCAP.KG.OE,375.2504583022347,211.71147302021294,1.7724616098930455,-2.141620158544647,4.760440857393313,0.5833333333333334,-0.032698175272528496,"{""max_depth"": 5, ""max_features"": ""log2"", ""min_samples_split"": 2, ""n_estimators"": 200}"
ITA,FS.AST.PRVT.GD.ZS,12.255006468615635,6.028609675875543,2.0328080813816864,-3.1323086957306945,3.3010923945436863,0.5,-0.23465177832134088,"{""max_depth"": 5, ""max_features"": ""sqrt"", ""min_samples_split"": 2, ""n_estimators"": 50}"
ITA,NE.IMP.GNFS.ZS,3.1798448624408255,1.4642372356379638,2.171673267860434,-3.716164782339617,1.8317320077594568,0.9166666666666666,0.6617310429255475,"{""max_depth"": 5, ""max_features"": ""sqrt"", ""min_samples_split"": 2, ""n_estimators"": 200}"
ITA,NY.GDP.MKTP.CD,539502029236.4937,159713100751.22043,3.377944744037356,-10.410510693769599,4.258978690908111,0.5,-0.6479872644735906,"{""max_depth"": 10, ""max_features"": ""sqrt"", ""min_samples_split"": 2, ""n_estimators"": 200}"
ITA,NE.EXP.GNFS.ZS,4.4912726320121426,2.497763217676993,1.7981178520953571,-2.2332278100240215,2.844678385709578,0.4166666666666667,-0.2241636329397355,"{""max_depth"": 5, ""max_features"": ""sqrt"", ""min_samples_split"": 2, ""n_estimators"": 50}"
ITA,NY.GDP.MKTP.KD.ZG,3.8053914677309626,3.0017208065657512,1.2677366460622583,-0.6071562037691838,0.945669106496441,0.6666666666666666,1.0569051562339415,"{""max_depth"": 10, ""max_features"": ""sqrt"", ""min_samples_split"": 5, ""n_estimators"": 200}"
ITA,EN.ATM.GHGT.KT.CE,106480.83699120044,40244.6580232493,2.645837788699473,-6.000457604110118,7.2210318050669535,0.5833333333333334,-0.38249122984465855,"{""max_depth"": 5, ""max_features"": ""sqrt"", ""min_samples_split"": 2, ""n_estimators"": 200}"
JPN,SP.DYN.LE00.IN,2.341250080802563,0.6361232327675039,3.6804976774968132,-12.546063154059434,10.826549378872706,0.25,-1.1486731845789695,"{""max_depth"": 5, ""max_features"": ""sqrt"", ""min_samples_split"": 2, ""n_estimators"": 200}"
JPN,SP.URB.TOTL.IN.ZS,6.155203708590477,0.7257970521755686,8.48061271417447,-70.92079200781765,27.19905590490127,0.5,-0.8536057964618216,"{""max_depth"": 10, ""max_features"": ""log2"", ""min_samples_split"": 2, ""n_estimators"": 50}"
JPN,NV.AGR.TOTL.ZS,0.19963272612405,0.07041384308735131,2.8351346464131675,-7.037988463292317,5.5490642115081945,0.4166666666666667,-0.7134283287993659,"{""max_depth"": 5, ""max_features"": ""sqrt"", ""min_samples_split"": 2, ""n_estimators"": 50}"
JPN,EG.USE.PCAP.KG.OE,449.04237608435045,158.9156309258039,2.8256652506008284,-6.9843841084530425,5.317264525078536,0.5,-0.5640547598923703,"{""max_depth"": 10, ""max_features"": ""sqrt"", ""min_samples_split"": 2, ""n_estimators"": 50}"
JPN,FS.AST.PRVT.GD.ZS,9.2774662029871,5.7785462455234775,1.6055017661534101,-1.5776359211217192,2.7656810808739323,0.3333333333333333,-0.23624538926640049,"{""max_depth"": 10, ""max_features"": ""sqrt"", ""min_samples_split"": 2, ""n_estimators"": 200}"
JPN,NE.IMP.GNFS.ZS,3.588568446843089,2.0463628629800827,1.7536325114975548,-2.0752269853812226,1.7711670757563365,0.75,0.5684246316930086,"{""max_depth"": 5, ""max_features"": ""log2"", ""min_samples_split"": 2, ""n_estimators"": 200}"
JPN,NY.GDP.MKTP.CD,1135011339673.8208,501248166141.96277,2.2643700592659415,-4.127371765300043,3.2547006999285655,0.4166666666666667,-0.4630093054976705,"{""max_depth"": 5, ""max_features"": ""sqrt"", ""min_samples_split"": 2, ""n_estimators"": 200}"
JPN,NE.EXP.GNFS.ZS,2.1998312986845807,1.6543545392866872,1.329721801732468,-0.768160070002641,1.458324051058792,0.5,0.5548081197641909,"{""max_depth"": 10, ""max_features"": ""log2"", ""min_samples_split"": 2, ""n_estimators"": 200}"
JPN,NY.GDP.MKTP.KD.ZG,2.543326095929081,2.1166817492348073,1.2015628220201304,-0.44375321526097955,0.8396799526023857,0.16666666666666666,0.3294474977679812,"{""max_depth"": 10, ""max_features"": ""sqrt"", ""min_samples_split"": 2, ""n_estimators"": 200}"
JPN,EN.ATM.GHGT.KT.CE,55748.71327436468,53268.458611454465,1.0465614122796651,-0.09529078967280769,1.5846624966712233,0.75,1.401595991685836,"{""max_depth"": 5, ""max_features"": ""sqrt"", ""min_samples_split"": 2, ""n_estimators"": 200}"
KOR,SP.DYN.LE00.IN,3.1520241620646257,1.2084642588810899,2.6082891065252247,-5.803172063218156,9.373139129114914,0.16666666666666666,-1.0749058008480286,"{""max_depth"": 10, ""max_features"": ""log2"", ""min_samples_split"": 2, ""n_estimators"": 200}"
KOR,SP.URB.TOTL.IN.ZS,0.35313335951404595,0.17979363581420135,1.9641037788399462,-2.857703654053355,5.007582387267875,0.08333333333333333,-0.9588656471561565,"{""max_depth"": 5, ""max_features"": ""sqrt"", ""min_samples_split"": 2, ""n_estimators"": 50}"
KOR,NV.AGR.TOTL.ZS,0.4979265571662153,0.19559634579656365,2.5456843538585328,-5.4805088294801365,5.534158018402955,0.4166666666666667,-0.6370338832396669,"{""max_depth"": 10, ""max_features"": ""sqrt"", ""min_samples_split"": 2, ""n_estimators"": 100}"
KOR,EG.USE.PCAP.KG.OE,889.534821354058,267.99544137196483,3.3192162403965155,-10.01719645051198,12.462852193394882,0.5833333333333334,-0.5287539905539628,"{""max_depth"": 5, ""max_features"": ""sqrt"", ""min_samples_split"": 5, ""n_estimators"": 50}"
KOR,FS.AST.PRVT.GD.ZS,22.378275480481133,9.980148023229926,2.242278914941257,-4.027814732390142,4.259711268150298,0.16666666666666666,-0.9228835370121068,"{""max_depth"": 10, ""max_features"": ""sqrt"", ""min_samples_split"": 5, ""n_estimators"": 200}"
KOR,NE.IMP.GNFS.ZS,8.888846998720478,6.3104694522735265,1.408587279591064,-0.9841181242257544,1.8359694001396418,0.4166666666666667,0.23492167675641085,"{""max_depth"": 10, ""max_features"": ""log2"", ""min_samples_split"": 2, ""n_estimators"": 200}"
KOR,NY.GDP.MKTP.CD,398547147979.89716,236253532703.58502,1.6869468296160188,-1.8457896059515364,4.046463256369716,0.3333333333333333,-0.39202161671324476,"{""max_depth"": 5, ""max_features"": ""sqrt"", ""min_samples_split"": 2, ""n_estimators"": 200}"
KOR,NE.EXP.GNFS.ZS,10.980905010814112,5.234660940436128,2.0977299457907645,-3.4004709254673253,3.644607440109271,0.08333333333333333,-0.9659045465923294,"{""max_depth"": 5, ""max_features"": ""sqrt"", ""min_samples_split"": 5, ""n_estimators"": 200}"
KOR,NY.GDP.MKTP.KD.ZG,2.580313866404538,1.6686786593222627,1.5463216072125823,-1.3911105129325034,1.3282833028228724,0.25,-0.05501758130379075,"{""max_depth"": 10, ""max_features"": ""sqrt"", ""min_samples_split"": 5, ""n_estimators"": 100}"
KOR,EN.ATM.GHGT.KT.CE,129826.14771940185,43148.00541853162,3.008856294980506,-8.053216203843819,9.126038537648105,0.25,-1.0401460398750775,"{""max_depth"": 5, ""max_features"": ""log2"", ""min_samples_split"": 5, ""n_estimators"": 200}"
MEX,SP.DYN.LE00.IN,0.13604311823892518,0.08652215230931735,1.572350139332757,-1.4722849606597412,3.198177922077799,0.4166666666666667,-0.11654144319287918,"{""max_depth"": 5, ""max_features"": ""sqrt"", ""min_samples_split"": 2, ""n_estimators"": 100}"
MEX,SP.URB.TOTL.IN.ZS,3.0306229140674845,1.0944694967380058,2.7690336944977054,-6.667547601263615,9.467500712453523,0.25,-0.9854489742401856,"{""max_depth"": 10, ""max_features"": ""sqrt"", ""min_samples_split"": 2, ""n_estimators"": 200}"
MEX,NV.AGR.TOTL.ZS,0.1991205591746195,0.20052559085451074,0.9929932550059875,0.01396439551261397,1.4990257750224947,0.3333333333333333,0.7881661568090549,"{""max_depth"": 10, ""max_features"": ""sqrt"", ""min_samples_split"": 5, ""n_estimators"": 200}"
MEX,EG.USE.PCAP.KG.OE,62.88758887225536,37.23295447827815,1.689030316112685,-1.852823408747717,2.303093438911506,0.3333333333333333,-0.22505728905505806,"{""max_depth"": 20, ""max_features"": ""log2"", ""min_samples_split"": 5, ""n_estimators"": 50}"
MEX,FS.AST.PRVT.GD.ZS,12.294825084712386,5.668097592507568,2.1691272749016224,-3.7051131347221364,6.701426717330202,0.25,-0.7981100586375501,"{""max_depth"": 5, ""max_features"": ""sqrt"", ""min_samples_split"": 2, ""n_estimators"": 50}"
MEX,NE.IMP.GNFS.ZS,8.411846681407475,3.926381224778908,2.1423917342313445,-3.589842342902787,4.5505565693584575,0.6666666666666666,-0.04598889726031108,"{""max_depth"": 20, ""max_features"": ""log2"", ""min_samples_split"": 2, ""n_estimators"": 200}"
MEX,NY.GDP.MKTP.CD,275057373584.84546,107094364435.01715,2.568364591693759,-5.5964966758662475,2.471003493595833,0.5833333333333334,-0.17609752626951813,"{""max_depth"": 10, ""max_features"": ""sqrt"", ""min_samples_split"": 2, ""n_estimators"": 50}"
MEX,NE.EXP.GNFS.ZS,8.871656755191017,4.284284593144417,2.0707440325946544,-3.287980848526371,5.641776665252184,0.6666666666666666,-0.036377810642356456,"{""max_depth"": 10, ""max_features"": ""sqrt"", ""min_samples_split"": 2, ""n_estimators"": 200}"
MEX,NY.GDP.MKTP.KD.ZG,4.088651742003603,3.627024621301197,1.1272743278309472,-0.2707474101867138,0.8578013653491349,0.25,0.5745631551384778,"{""max_depth"": 10, ""max_features"": ""sqrt"", ""min_samples_split"": 5, ""n_estimators"": 100}"
MEX,EN.ATM.GHGT.KT.CE,90512.23087142696,13455.750184131375,6.726658092847902,-44.247929098076185,10.963203820258766,0.4166666666666667,-0.9926142631701433,"{""max_depth"": 5, ""max_features"": ""sqrt"", ""min_samples_split"": 5, ""n_estimators"": 50}"
RUS,SP.DYN.LE00.IN,4.109529191821295,1.6585270981450888,2.47781853936389,-5.139584714015402,8.898674417924202,0.5,-0.48270746656334773,"{""max_depth"": 20, ""max_features"": ""sqrt"", ""min_samples_split"": 2, ""n_estimators"": 200}"
RUS,SP.URB.TOTL.IN.ZS,1.2015184678621136,0.3634306946619769,3.306045651921705,-9.929937852590411,11.541731434656473,0.4166666666666667,-0.8178826408436428,"{""max_depth"": 10, ""max_features"": ""sqrt"", ""min_samples_split"": 2, ""n_estimators"": 200}"
RUS,NV.AGR.TOTL.ZS,2.428716148438305,0.3358656429311965,7.231213431782416,-51.29044769599044,8.899333647104516,0.5,-0.8504357277160732,"{""max_depth"": 10, ""max_features"": ""sqrt"", ""min_samples_split"": 2, ""n_estimators"": 50}"
RUS,EG.USE.PCAP.KG.OE,164.79073260063905,145.80236081282612,1.1302336373838915,-0.2774280750740221,1.3934000874941672,0.16666666666666666,0.3052455750319264,"{""max_depth"": 5, ""max_features"": ""sqrt"", ""min_samples_split"": 2, ""n_estimators"": 50}"
RUS,FS.AST.PRVT.GD.ZS,20.32542774428705,5.7678552223092705,3.523914342660872,-11.417972294411006,6.685534794016773,0.0,-1.503512441030085,"{""max_depth"": 5, ""max_features"": ""sqrt"", ""min_samples_split"": 2, ""n_estimators"": 50}"
RUS,NE.IMP.GNFS.ZS,1.1719179131784465,0.47922792159791594,2.4454291170490574,-4.980123566511334,2.7815108240651885,0.5,-0.32902145953180373,"{""max_depth"": 5, ""max_features"": ""sqrt"", ""min_samples_split"": 10, ""n_estimators"": 50}"
RUS,NY.GDP.MKTP.CD,774855580188.3419,336846667679.4258,2.3003213465830266,-4.291478297545546,2.7031146172442098,0.6666666666666666,0.023344115083556827,"{""max_depth"": 10, ""max_features"": ""sqrt"", ""min_samples_split"": 2, ""n_estimators"": 50}"
RUS,NE.EXP.GNFS.ZS,2.083457303969396,1.7907315704161593,1.1634671205831304,-0.35365574067800054,0.8696179585689073,0.75,1.379174417560994,"{""max_depth"": 5, ""max_features"": ""sqrt"", ""min_samples_split"": 2, ""n_estimators"": 50}"
RUS,NY.GDP.MKTP.KD.ZG,5.019916988106744,3.4852460290644496,1.4403336080851226,-1.074560902579507,1.0569523202871436,0.5833333333333334,0.6768683321269673,"{""max_depth"": 5, ""max_features"": ""sqrt"", ""min_samples_split"": 5, ""n_estimators"": 100}"
RUS,EN.ATM.GHGT.KT.CE,339217.0541761287,57487.17481872851,5.900743170033406,-33.818769958695896,7.221199686831263,0.5,-0.8379778824841331,"{""max_depth"": 5, ""max_features"": ""sqrt"", ""min_samples_split"": 2, ""n_estimators"": 200}"
SAU,SP.DYN.LE00.IN,2.5816904889149104,0.4979620598175631,5.184512430245704,-25.879169139372213,19.79060085191664,0.3333333333333333,-1.1101882985018592,"{""max_depth"": 10, ""max_features"": ""log2"", ""min_samples_split"": 2, ""n_estimators"": 50}"
SAU,SP.URB.TOTL.IN.ZS,4.645992633313181,0.8227587594984082,5.646846757542385,-30.88687830316695,20.533492739254836,0.5,-0.835731639065703,"{""max_depth"": 10, ""max_features"": ""sqrt"", ""min_samples_split"": 2, ""n_estimators"": 100}"
SAU,NV.AGR.TOTL.ZS,1.3481660938166804,0.2394250893997495,5.630847198163732,-30.706440169068348,5.6388423609198295,0.8333333333333334,-0.23374089003746812,"{""max_depth"": 5, ""max_features"": ""sqrt"", ""min_samples_split"": 2, ""n_estimators"": 200}"
SAU,EG.USE.PCAP.KG.OE,1353.8023264203964,304.2821349911241,4.449167962029341,-18.79509555434832,5.758831388156418,0.3333333333333333,-1.070100566769737,"{""max_depth"": 10, ""max_features"": ""sqrt"", ""min_samples_split"": 2, ""n_estimators"": 200}"
SAU,FS.AST.PRVT.GD.ZS,15.118661507683726,8.227340955249856,1.8376121264351548,-2.376818327221531,3.1152112920666495,0.4166666666666667,-0.2735437662601755,"{""max_depth"": 10, ""max_features"": ""log2"", ""min_samples_split"": 2, ""n_estimators"": 100}"
SAU,NE.IMP.GNFS.ZS,3.9946430893582265,3.888337858061652,1.027339504738811,-0.055426457996985645,1.0475093976001688,0.25,0.6998025188135836,"{""max_depth"": 10, ""max_features"": ""sqrt"", ""min_samples_split"": 2, ""n_estimators"": 200}"
SAU,NY.GDP.MKTP.CD,312739959099.3731,107050174774.73117,2.921433428366474,-7.53477327637709,4.5725692467429795,0.6666666666666666,-0.276789902890075,"{""max_depth"": 10, ""max_features"": ""sqrt"", ""min_samples_split"": 2, ""n_estimators"": 50}"
SAU,NE.EXP.GNFS.ZS,16.018616272882525,10.537301873078958,1.5201819655378204,-1.3109532083464304,2.2008626390717625,0.5833333333333334,0.348562934160485,"{""max_depth"": 5, ""max_features"": ""sqrt"", ""min_samples_split"": 5, ""n_estimators"": 200}"
SAU,NY.GDP.MKTP.KD.ZG,4.338429457878162,3.6066848533231126,1.2028856510379156,-0.44693388947291024,0.942448987655324,0.3333333333333333,0.5704826649031459,"{""max_depth"": 10, ""max_features"": ""sqrt"", ""min_samples_split"": 2, ""n_estimators"": 50}"
SAU,EN.ATM.GHGT.KT.CE,218771.90391142995,71448.71085499189,3.061943333805372,-8.375496979435157,10.271172592395795,0.4166666666666667,-0.7733591194597499,"{""max_depth"": 5, ""max_features"": ""sqrt"", ""min_samples_split"": 2, ""n_estimators"": 200}"
TUR,SP.DYN.LE00.IN,3.7035296182635795,1.3359958854417024,2.7721115451183675,-6.684602418578542,10.261293342975685,0.3333333333333333,-0.8495250763045201,"{""max_depth"": 5, ""max_features"": ""sqrt"", ""min_samples_split"": 2, ""n_estimators"": 50}"
TUR,SP.URB.TOTL.IN.ZS,5.147546085733321,2.0172903614420177,2.551713022637805,-5.511239349899365,8.830424262830395,0.4166666666666667,-0.6490053822224631,"{""max_depth"": 5, ""max_features"": ""sqrt"", ""min_samples_split"": 2, ""n_estimators"": 200}"
TUR,NV.AGR.TOTL.ZS,1.474933859312839,0.9203943937768778,1.6025020027125378,-1.5680126686976945,2.4629641395846593,0.5,0.09333122855487952,"{""max_depth"": 5, ""max_features"": ""sqrt"", ""min_samples_split"": 2, ""n_estimators"": 200}"
TUR,EG.USE.PCAP.KG.OE,218.54291640550585,95.40907434946591,2.290588373229818,-4.2467950955756235,5.9638796233908025,0.5833333333333334,-0.2687882325775489,"{""max_depth"": 10, ""max_features"": ""sqrt"", ""min_samples_split"": 2, ""n_estimators"": 200}"
TUR,FS.AST.PRVT.GD.ZS,27.769018431803296,12.919470650789112,2.149392895606538,-3.619889819683859,5.711957892290503,0.0,-1.163423054382332,"{""max_depth"": 5, ""max_features"": ""sqrt"", ""min_samples_split"": 2, ""n_estimators"": 50}"
TUR,NE.IMP.GNFS.ZS,3.7257988380476768,2.484556165454087,1.4995832615306306,-1.2487499582628443,1.4371424508647217,0.5833333333333334,0.5276215516424974,"{""max_depth"": 10, ""max_features"": ""sqrt"", ""min_samples_split"": 2, ""n_estimators"": 200}"
TUR,NY.GDP.MKTP.CD,235103719329.33716,83986704042.89047,2.799296888817949,-6.836063071745848,3.909340679704924,0.4166666666666667,-0.663580707088484,"{""max_depth"": 5, ""max_features"": ""sqrt"", ""min_samples_split"": 2, ""n_estimators"": 200}"
TUR,NE.EXP.GNFS.ZS,4.589609884326488,3.267705731939737,1.4045358611903092,-0.9727209853696033,1.7040895320488518,0.3333333333333333,0.12673423159853858,"{""max_depth"": 10, ""max_features"": ""sqrt"", ""min_samples_split"": 2, ""n_estimators"": 100}"
TUR,NY.GDP.MKTP.KD.ZG,3.994212101036329,4.040939221498574,0.9884365693466391,0.02299314837824673,0.6948543502993281,0.5833333333333334,1.4267138438825466,"{""max_depth"": 5, ""max_features"": ""sqrt"", ""min_samples_split"": 2, ""n_estimators"": 200}"
TUR,EN.ATM.GHGT.KT.CE,108093.01019839704,52748.06148601619,2.0492318988263314,-3.199351375167372,7.168696307460436,0.5,-0.3303484089005848,"{""max_depth"": 10, ""max_features"": ""sqrt"", ""min_samples_split"": 2, ""n_estimators"": 50}"
USA,SP.DYN.LE00.IN,1.5227215592270007,0.2054471543763647,7.411743247791508,-53.93393797118301,13.089138263537539,0.4166666666666667,-0.9958715423814458,"{""max_depth"": 5, ""max_features"": ""sqrt"", ""min_samples_split"": 2, ""n_estimators"": 100}"
USA,SP.URB.TOTL.IN.ZS,2.385779654929774,0.6944002904043244,3.435741153766828,-10.804317275687017,12.002081691892903,0.5,-0.6937412190232136,"{""max_depth"": 20, ""max_features"": ""sqrt"", ""min_samples_split"": 2, ""n_estimators"": 50}"
USA,NV.AGR.TOTL.ZS,0.13274540874240776,0.12972256546656316,1.023302370447058,-0.04714774136256783,1.3893146821363793,0.3333333333333333,0.7595908179462934,"{""max_depth"": 5, ""max_features"": ""sqrt"", ""min_samples_split"": 2, ""n_estimators"": 50}"
USA,EG.USE.PCAP.KG.OE,842.801174548739,193.72709051810705,4.35045595479051,-17.92646701457221,9.229451551782622,0.5,-0.786705899950654,"{""max_depth"": 5, ""max_features"": ""sqrt"", ""min_samples_split"": 2, ""n_estimators"": 100}"
USA,FS.AST.PRVT.GD.ZS,12.55691586416983,10.027127994322143,1.2522943629801255,-0.5682411715517983,1.2462120872087228,0.5,0.7082874803379869,"{""max_depth"": 5, ""max_features"": ""sqrt"", ""min_samples_split"": 2, ""n_estimators"": 200}"
USA,NE.IMP.GNFS.ZS,1.4663937803788718,1.136093639604557,1.2907332012608428,-0.665992196837063,1.2560109712656866,0.4166666666666667,0.5090970501347081,"{""max_depth"": 10, ""max_features"": ""sqrt"", ""min_samples_split"": 2, ""n_estimators"": 200}"
USA,NY.GDP.MKTP.CD,5610001707020.712,2357717974715.9106,2.379420171191883,-4.66164035107481,7.777007828540247,0.6666666666666666,-0.15585911865407698,"{""max_depth"": 5, ""max_features"": ""sqrt"", ""min_samples_split"": 2, ""n_estimators"": 100}"
USA,NE.EXP.GNFS.ZS,2.3364654787842434,0.8059173145157229,2.899137959566273,-7.405000908598096,3.970446266520115,0.5833333333333334,-0.39865804867651045,"{""max_depth"": 5, ""max_features"": ""sqrt"", ""min_samples_split"": 5, ""n_estimators"": 100}"
USA,NY.GDP.MKTP.KD.ZG,2.386471057243694,2.001109260446754,1.192574090987369,-0.42223296249434905,0.8523971372974664,0.3333333333333333,0.6086123004089734,"{""max_depth"": 10, ""max_features"": ""sqrt"", ""min_samples_split"": 2, ""n_estimators"": 50}"
USA,EN.ATM.GHGT.KT.CE,628510.5987715092,206589.76415984725,3.0423123881646137,-8.255664667179877,4.020746783707106,0.5,-0.5785718929682662,"{""max_depth"": 10, ""max_features"": ""sqrt"", ""min_samples_split"": 5, ""n_estimators"": 50}"
ZAF,SP.DYN.LE00.IN,7.3310129357882525,2.926575404398994,2.5049800270886102,-5.274924936112854,9.228249911985161,0.4166666666666667,-0.6354094361624245,"{""max_depth"": 5, ""max_features"": ""sqrt"", ""min_samples_split"": 2, ""n_estimators"": 100}"
ZAF,SP.URB.TOTL.IN.ZS,6.065221463594004,1.9342134710210463,3.1357559827107666,-8.832965583106366,10.998310173697272,0.25,-1.0656098186622085,"{""max_depth"": 5, ""max_features"": ""log2"", ""min_samples_split"": 2, ""n_estimators"": 50}"
ZAF,NV.AGR.TOTL.ZS,0.7332178557360473,0.2508454533992189,2.922986427699512,-7.543849656515556,3.723712340505012,0.5833333333333334,-0.39120348531081717,"{""max_depth"": 10, ""max_features"": ""sqrt"", ""min_samples_split"": 2, ""n_estimators"": 50}"
ZAF,EG.USE.PCAP.KG.OE,127.41976749450626,86.60946820706422,1.4711990517003704,-1.164426649724069,2.5923184599255715,0.25,-0.23891751127090255,"{""max_depth"": 5, ""max_features"": ""log2"", ""min_samples_split"": 5, ""n_estimators"": 50}"
ZAF,FS.AST.PRVT.GD.ZS,5.020393833623288,5.085480626997555,0.9872014469922986,0.02543330305631175,1.0534588843519295,0.3333333333333333,0.9075604797076995,"{""max_depth"": 5, ""max_features"": ""sqrt"", ""min_samples_split"": 10, ""n_estimators"": 50}"
ZAF,NE.IMP.GNFS.ZS,4.610553661800209,2.9233876941810992,1.5771269992609445,-1.4873295717978308,1.8062312870010107,0.5833333333333334,0.3798678148867417,"{""max_depth"": 5, ""max_features"": ""sqrt"", ""min_samples_split"": 2, ""n_estimators"": 100}"
ZAF,NY.GDP.MKTP.CD,113903452151.9669,39741635236.40952,2.8660987771236353,-7.214522200229597,3.3032918581071975,0.5,-0.49589032998926685,"{""max_depth"": 5, ""max_features"": ""log2"", ""min_samples_split"": 2, ""n_estimators"": 50}"
ZAF,NE.EXP.GNFS.ZS,3.2759654951507575,1.7500156502990427,1.871963541920874,-2.5042475022809434,2.1107555168130867,0.25,-0.4283104816444048,"{""max_depth"": 10, ""max_features"": ""sqrt"", ""min_samples_split"": 2, ""n_estimators"": 100}"
ZAF,NY.GDP.MKTP.KD.ZG,4.119049929174524,2.624358336276207,1.5695455427093798,-1.4634732106388832,1.751207343731792,0.5,0.25069853970301303,"{""max_depth"": 5, ""max_features"": ""sqrt"", ""min_samples_split"": 5, ""n_estimators"": 50}"
ZAF,EN.ATM.GHGT.KT.CE,96469.76598588382,12710.160451317082,7.5899723182398695,-56.6076797916475,8.30037560306512,0.16666666666666666,-1.4054164620410274,"{""max_depth"": 20, ""max_features"": ""sqrt"", ""min_samples_split"": 10, ""n_estimators"": 50}"
