mean_fit_time,std_fit_time,mean_score_time,std_score_time,param_colsample_bytree,param_learning_rate,param_max_depth,param_n_estimators,param_subsample,params,split0_test_score,split1_test_score,split2_test_score,split3_test_score,split4_test_score,mean_test_score,std_test_score,rank_test_score,split0_train_score,split1_train_score,split2_train_score,split3_train_score,split4_train_score,mean_train_score,std_train_score
0.017992544174194335,0.002370977241103053,0.0009842395782470703,7.542086768912521e-05,0.6,0.05,3,50,0.6,"{'colsample_bytree': 0.6, 'learning_rate': 0.05, 'max_depth': 3, 'n_estimators': 50, 'subsample': 0.6}",0.8437520219733793,0.8872484174141546,0.7799239721829998,0.7891657294701793,0.7887202444637382,0.81776207710089,0.04146499740533915,161,0.85711891884874,0.8558107383021275,0.8707510582107304,0.8644646500560851,0.8679339433611005,0.8632158617557566,0.0058755002858255235
0.018464088439941406,0.002672118891920592,0.0012801647186279296,0.0004533102195708297,0.6,0.05,3,50,0.8,"{'colsample_bytree': 0.6, 'learning_rate': 0.05, 'max_depth': 3, 'n_estimators': 50, 'subsample': 0.8}",0.8476131035321658,0.8869081441181431,0.7821396385536423,0.7804722274850089,0.7871543974835645,0.8168575022345049,0.04304530670931504,162,0.8630209835856374,0.8577430898609305,0.8731918241894916,0.8642877469762762,0.8714081619772,0.8659303613179071,0.005673256871902263
0.024988842010498048,0.007173638642002834,0.0008689403533935547,9.716633286578711e-05,0.6,0.05,3,50,1.0,"{'colsample_bytree': 0.6, 'learning_rate': 0.05, 'max_depth': 3, 'n_estimators': 50, 'subsample': 1.0}",0.8494537150522432,0.8874384732883182,0.7831821709901058,0.7942241343761828,0.7836953789000902,0.8195987745213881,0.04183930543228796,160,0.8714614072886138,0.8664296401763245,0.8784658482192876,0.8674203055865694,0.8730630598694618,0.8713680522280514,0.004318173019760914
0.04596080780029297,0.007985058723293404,0.001128816604614258,7.053525720892336e-05,0.6,0.05,3,100,0.6,"{'colsample_bytree': 0.6, 'learning_rate': 0.05, 'max_depth': 3, 'n_estimators': 100, 'subsample': 0.6}",0.9074786054997455,0.9275536715153787,0.860535404822946,0.8638610720762314,0.867214009755523,0.8853285527339649,0.027119273847494553,133,0.9336294535897576,0.9336007578569003,0.9434785198847763,0.9385218862429355,0.9395031482952853,0.937746753173931,0.0037597962114776983
0.032565879821777347,0.0007921920089033026,0.00100860595703125,0.0001599292635589243,0.6,0.05,3,100,0.8,"{'colsample_bytree': 0.6, 'learning_rate': 0.05, 'max_depth': 3, 'n_estimators': 100, 'subsample': 0.8}",0.9129293462791808,0.9291792723956633,0.8602830332909519,0.8629478480239903,0.8633676939170011,0.8857414387813576,0.029306280392427417,131,0.9377037954000292,0.9360627830458145,0.9449248610545337,0.9385600072561741,0.9415240489069181,0.939755099132694,0.0031344827743865007
0.030522489547729494,0.0024800125925321407,0.0011101722717285155,8.940659840825646e-05,0.6,0.05,3,100,1.0,"{'colsample_bytree': 0.6, 'learning_rate': 0.05, 'max_depth': 3, 'n_estimators': 100, 'subsample': 1.0}",0.9161436290006878,0.9286731967488951,0.857131215251446,0.8688476455483265,0.8559602090605447,0.88535117912198,0.030846504771927137,132,0.9395104297298341,0.9396065670612376,0.9453983652662871,0.9380682290993895,0.9433150325679611,0.9411797247449419,0.002731272357160152
0.10545716285705567,0.016324310303893228,0.0014872550964355469,0.0004360044980187415,0.6,0.05,3,200,0.6,"{'colsample_bytree': 0.6, 'learning_rate': 0.05, 'max_depth': 3, 'n_estimators': 200, 'subsample': 0.6}",0.9392261950015056,0.9348756004769868,0.8897243253768422,0.894445727052906,0.895877074440804,0.910829784469809,0.021550028662219795,96,0.9648249693301155,0.9644080789359221,0.9700638631816086,0.9680808007057911,0.968261334630502,0.9671278093567878,0.0021685704909131047
0.07180194854736328,0.02886561981833991,0.0010879039764404297,8.440125459317161e-05,0.6,0.05,3,200,0.8,"{'colsample_bytree': 0.6, 'learning_rate': 0.05, 'max_depth': 3, 'n_estimators': 200, 'subsample': 0.8}",0.9408492973112061,0.9405161941326424,0.8936591123944531,0.8910483707997225,0.8932596395271878,0.9118665228330423,0.023545386967924683,93,0.9672545636348545,0.9668342921314514,0.9721576657646934,0.9690272875427252,0.9712149100630145,0.9692977438273477,0.002105754307690937
0.05717601776123047,0.010323802825972254,0.0011170387268066406,6.67310390975035e-05,0.6,0.05,3,200,1.0,"{'colsample_bytree': 0.6, 'learning_rate': 0.05, 'max_depth': 3, 'n_estimators': 200, 'subsample': 1.0}",0.9388839884251379,0.9383224571220896,0.8846380723405001,0.8934684415100997,0.8834738931504413,0.9077573705096537,0.02542224842505538,107,0.9661988990128859,0.9659562233543239,0.9699289025492386,0.9663869949052618,0.9694587094672168,0.9675859458577853,0.001732862797201646
0.03459224700927734,0.012011969293035418,0.001052522659301758,3.9460284421058955e-05,0.6,0.05,5,50,0.6,"{'colsample_bytree': 0.6, 'learning_rate': 0.05, 'max_depth': 5, 'n_estimators': 50, 'subsample': 0.6}",0.8879374823112006,0.9238103262729331,0.8432438115063141,0.8334565464636399,0.8383620990733962,0.8653620531254969,0.03510562952953825,153,0.9229282869551572,0.9216023414441709,0.9275709031530847,0.9294539491461862,0.9232309974202331,0.9249572956237664,0.0030134211929300127
0.04413890838623047,0.016881542249681036,0.0012713909149169923,0.00028379453703536613,0.6,0.05,5,50,0.8,"{'colsample_bytree': 0.6, 'learning_rate': 0.05, 'max_depth': 5, 'n_estimators': 50, 'subsample': 0.8}",0.8912419909001773,0.9215736604890163,0.8349998477494451,0.8356182899206621,0.843436460184777,0.8653740498488156,0.034976568878864966,152,0.9327270730507597,0.926776848032121,0.9339262969331001,0.9338092653717723,0.9298194309531063,0.9314117828681721,0.0027502326140912293
0.04313364028930664,0.02264004563126976,0.0016780376434326171,0.0013330494799712786,0.6,0.05,5,50,1.0,"{'colsample_bytree': 0.6, 'learning_rate': 0.05, 'max_depth': 5, 'n_estimators': 50, 'subsample': 1.0}",0.8954612555137411,0.9260048181860934,0.8481728454033557,0.8319480752931474,0.8447352591696828,0.8692644507132041,0.03562243902242446,151,0.9347930402613084,0.9299082879074925,0.9389988008416914,0.9340186907952089,0.9336018601662055,0.9342641359943814,0.002904102481468706
0.04828333854675293,0.007896848493800462,0.0012185096740722657,0.00016891524074464596,0.6,0.05,5,100,0.6,"{'colsample_bytree': 0.6, 'learning_rate': 0.05, 'max_depth': 5, 'n_estimators': 100, 'subsample': 0.6}",0.936995953813739,0.9542025858174696,0.908272427804666,0.8867163717942216,0.8990970652552832,0.917056880897076,0.024890311807807024,85,0.9772885703281553,0.9771740312516487,0.9805803998458612,0.9799753280741389,0.977548758940869,0.9785134176881346,0.0014583806634232387
0.06014218330383301,0.009704369809678476,0.0011991024017333984,0.0002337959671797256,0.6,0.05,5,100,0.8,"{'colsample_bytree': 0.6, 'learning_rate': 0.05, 'max_depth': 5, 'n_estimators': 100, 'subsample': 0.8}",0.938711616169357,0.9538552632603522,0.8974348495825992,0.891228111694467,0.9074037136137898,0.9177267108641131,0.024356264957377194,82,0.9815482827756992,0.9795062234650824,0.9827399949142086,0.9833080579765364,0.9814142143100617,0.9817033546883177,0.0013103229120863024
0.06385369300842285,0.013333416600717818,0.0011748790740966797,0.00012173974831931455,0.6,0.05,5,100,1.0,"{'colsample_bytree': 0.6, 'learning_rate': 0.05, 'max_depth': 5, 'n_estimators': 100, 'subsample': 1.0}",0.9422143218546839,0.9575137853908452,0.9044879051453845,0.8848371556729983,0.9075949175387161,0.9193296171205254,0.026568590111645803,78,0.9825053261692867,0.9810055982999648,0.9842218623232739,0.9837658975492818,0.9834380210541789,0.9829873410791972,0.001139556767822697
0.10677356719970703,0.01111899067206929,0.0012800216674804688,0.00010453347251591515,0.6,0.05,5,200,0.6,"{'colsample_bytree': 0.6, 'learning_rate': 0.05, 'max_depth': 5, 'n_estimators': 200, 'subsample': 0.6}",0.952171000009584,0.9601374349735194,0.9300237420524058,0.9027598384862534,0.9220732776163875,0.93343305862763,0.02071592943235364,7,0.9924923099417507,0.9923932223550123,0.993609682194011,0.9934849399551009,0.9924820544309246,0.99289244177536,0.0005372580753298214
0.09816575050354004,0.008336336933466111,0.0012253761291503907,0.00019060074143707555,0.6,0.05,5,200,0.8,"{'colsample_bytree': 0.6, 'learning_rate': 0.05, 'max_depth': 5, 'n_estimators': 200, 'subsample': 0.8}",0.9528078751238672,0.9616048771064994,0.9209864103464063,0.9023487925360538,0.9223232432256854,0.9320142396677025,0.02192509194789237,13,0.9939105521199975,0.9939645648038232,0.9945958396745062,0.9947975522633996,0.9941758721427395,0.9942888762008932,0.000350443952812385
0.11424469947814941,0.013423267763414924,0.0012911319732666015,0.00010367569339844531,0.6,0.05,5,200,1.0,"{'colsample_bytree': 0.6, 'learning_rate': 0.05, 'max_depth': 5, 'n_estimators': 200, 'subsample': 1.0}",0.9535788185501815,0.9631770262749735,0.9218666639816371,0.8934405969022231,0.921018887480775,0.9306163986379581,0.025052654597884822,21,0.9938002106623435,0.9933027422343547,0.994376968282192,0.9945204678991978,0.9944814639599817,0.994096370607614,0.0004742250870145961
0.042136859893798825,0.005507288724246689,0.0029187679290771486,0.0034237133240556292,0.6,0.05,7,50,0.6,"{'colsample_bytree': 0.6, 'learning_rate': 0.05, 'max_depth': 7, 'n_estimators': 50, 'subsample': 0.6}",0.9046292188904312,0.9346240231323233,0.8643579494246416,0.8454237003114011,0.8660553586399484,0.8830180500797491,0.03218535836032381,140,0.9528247052075214,0.9556608903758164,0.9551735969607494,0.9568906982773221,0.9513500017988953,0.9543799785240609,0.002008676834068671
0.04501562118530274,0.008269725300966263,0.001035451889038086,7.558387894970737e-05,0.6,0.05,7,50,0.8,"{'colsample_bytree': 0.6, 'learning_rate': 0.05, 'max_depth': 7, 'n_estimators': 50, 'subsample': 0.8}",0.9052334158202341,0.9379626357450666,0.8709710838690231,0.8501392110454109,0.867361184651275,0.8863335062262021,0.03139666736389487,129,0.9614933874551481,0.9620672399311524,0.9624750547852117,0.9654080452693671,0.9605404814671186,0.9623968417815995,0.0016397807436153943
0.03846797943115234,0.007034674281180341,0.0009724140167236328,8.555535022287753e-05,0.6,0.05,7,50,1.0,"{'colsample_bytree': 0.6, 'learning_rate': 0.05, 'max_depth': 7, 'n_estimators': 50, 'subsample': 1.0}",0.9127196829298589,0.9331132240016164,0.8851956067294003,0.8501598731919041,0.8732663120571923,0.8908909397819945,0.02919349043441771,124,0.9680302200254098,0.966644016156373,0.9694610915754053,0.9701061034564287,0.9685024744789023,0.9685487811385037,0.0011963897949309693
0.08683462142944336,0.015407963020974634,0.0012268543243408204,7.93817729302407e-05,0.6,0.05,7,100,0.6,"{'colsample_bytree': 0.6, 'learning_rate': 0.05, 'max_depth': 7, 'n_estimators': 100, 'subsample': 0.6}",0.945566233691883,0.9585800150208974,0.9134087269739924,0.8875958514528139,0.9208437912085023,0.9251989236696179,0.024904182517653937,53,0.9904730810920828,0.9916836736470049,0.9919019555077853,0.9915175533891227,0.99056417073734,0.9912280868746672,0.0005926664279271945
0.10735621452331542,0.01803603244771488,0.0013543128967285155,0.00020957807344973369,0.6,0.05,7,100,0.8,"{'colsample_bytree': 0.6, 'learning_rate': 0.05, 'max_depth': 7, 'n_estimators': 100, 'subsample': 0.8}",0.9440215678390119,0.9612375162543311,0.9131836081912139,0.8889507066786457,0.9166061749173359,0.9247999147761077,0.025236530746990907,56,0.9938611369409868,0.9940021613373933,0.9941542606758426,0.9947849601695675,0.9938686661451201,0.9941342370537821,0.00034246082779024157
0.07591652870178223,0.004722038675437022,0.0012491226196289062,5.985463171161623e-05,0.6,0.05,7,100,1.0,"{'colsample_bytree': 0.6, 'learning_rate': 0.05, 'max_depth': 7, 'n_estimators': 100, 'subsample': 1.0}",0.9462206637442183,0.957233654570089,0.9201309008237742,0.8919062781234676,0.9181334554203044,0.9267249905363707,0.022980422467092764,40,0.9956340199987084,0.9951705068132867,0.9958479501128585,0.9959874228538289,0.995543095111884,0.9956365989781133,0.00028062010768210936
0.15059170722961426,0.023645725263310154,0.0014209270477294922,0.0001696499494746656,0.6,0.05,7,200,0.6,"{'colsample_bytree': 0.6, 'learning_rate': 0.05, 'max_depth': 7, 'n_estimators': 200, 'subsample': 0.6}",0.9564502901091961,0.9610727491267353,0.9282212626914008,0.8980427672049838,0.9331067933479833,0.9353787724960598,0.022603355576403947,3,0.9981847040061997,0.9983152129801863,0.9983887865071199,0.99823385725458,0.9979489947997877,0.9982143111095747,0.00014984941003240573
0.20516700744628907,0.03397136101517306,0.0013381481170654298,6.498130630478883e-05,0.6,0.05,7,200,0.8,"{'colsample_bytree': 0.6, 'learning_rate': 0.05, 'max_depth': 7, 'n_estimators': 200, 'subsample': 0.8}",0.9535496372523539,0.96442285286464,0.9265404772571746,0.8955920232015963,0.9279878305665887,0.9336185642284708,0.023974879225875743,6,0.9989070467655692,0.9989299978137167,0.9990694498357424,0.999200059673218,0.9989552847993021,0.9990123677775097,0.00010919926920922778
0.16932759284973145,0.020801566245564732,0.0017075538635253906,0.00029254532865148646,0.6,0.05,7,200,1.0,"{'colsample_bytree': 0.6, 'learning_rate': 0.05, 'max_depth': 7, 'n_estimators': 200, 'subsample': 1.0}",0.9539345039380347,0.9610526526389517,0.9273311437826376,0.8979750113505541,0.9267484964761614,0.9334083616372679,0.022460356346660302,8,0.9993436456784882,0.9990950323940394,0.9992868980232535,0.9993036518508117,0.9992456929908516,0.999254984187489,8.59288041525057e-05
0.018650007247924805,0.004775704432820258,0.0008620738983154297,6.007152807948139e-05,0.6,0.1,3,50,0.6,"{'colsample_bytree': 0.6, 'learning_rate': 0.1, 'max_depth': 3, 'n_estimators': 50, 'subsample': 0.6}",0.9138284894040958,0.9303260772415614,0.8529549825153759,0.8601397244184512,0.8672225938313829,0.8848943734821735,0.031133364457726395,135,0.93495604378597,0.9313317589629231,0.9371781029988432,0.9403916030565609,0.9396380128579064,0.9366991043324406,0.0032969023720894274
0.015161514282226562,0.0028156682533138004,0.0008685111999511719,9.502234011259251e-05,0.6,0.1,3,50,0.8,"{'colsample_bytree': 0.6, 'learning_rate': 0.1, 'max_depth': 3, 'n_estimators': 50, 'subsample': 0.8}",0.9110190854444593,0.9200238015518112,0.8577370248721904,0.851703620557263,0.8559954145344024,0.8792957893920252,0.029779704713282524,147,0.9376046713170594,0.9377333484361894,0.9437319678463354,0.9390097237304197,0.9392287780465455,0.9394616978753099,0.002232911880100912
0.01629786491394043,0.004193304891284685,0.0010718345642089845,0.0004506186731905466,0.6,0.1,3,50,1.0,"{'colsample_bytree': 0.6, 'learning_rate': 0.1, 'max_depth': 3, 'n_estimators': 50, 'subsample': 1.0}",0.9172008057280666,0.9276709256591178,0.8643419649633401,0.8713811375375535,0.8613781466398225,0.8883945961055801,0.028179081443720538,126,0.9384613813479892,0.9404698090332804,0.9484421344465439,0.9421586727224613,0.9445115325580349,0.9428087060216619,0.003447530950169932
0.03275694847106934,0.006753490911849469,0.001169586181640625,0.00022332013515518148,0.6,0.1,3,100,0.6,"{'colsample_bytree': 0.6, 'learning_rate': 0.1, 'max_depth': 3, 'n_estimators': 100, 'subsample': 0.6}",0.940241322306219,0.9424798123953958,0.8804013093648047,0.8905112922834411,0.8999231117529087,0.9107113696205538,0.02578519515887876,97,0.9657321029746226,0.9645928118113835,0.9693916259544084,0.968253721486651,0.969093574412913,0.9674127673279959,0.001909187240758045
0.034855890274047854,0.004385170131943699,0.0009589672088623046,0.00016358158465070165,0.6,0.1,3,100,0.8,"{'colsample_bytree': 0.6, 'learning_rate': 0.1, 'max_depth': 3, 'n_estimators': 100, 'subsample': 0.8}",0.935722069087484,0.9259396817106065,0.8832775664466548,0.8850373921660661,0.8963078716968718,0.9052569162215367,0.021577343186232098,110,0.9677775124334296,0.9659793928669742,0.9712320276240938,0.9688468018562024,0.9689522248594064,0.9685575919280213,0.0017115851274058993
0.028294849395751952,0.006708126467713219,0.0008655548095703125,0.00014411834953285372,0.6,0.1,3,100,1.0,"{'colsample_bytree': 0.6, 'learning_rate': 0.1, 'max_depth': 3, 'n_estimators': 100, 'subsample': 1.0}",0.9375086525014058,0.9379396677572616,0.8895473193515723,0.8931126386717287,0.8877710501400949,0.9091758656844127,0.023373388030796704,105,0.9664691626941095,0.9646840535752285,0.970498445020747,0.96587884113128,0.9700821363087125,0.9675225277460155,0.0023356326277280902
0.048700904846191405,0.005587594614900556,0.0011002063751220704,0.00021505263850656094,0.6,0.1,3,200,0.6,"{'colsample_bytree': 0.6, 'learning_rate': 0.1, 'max_depth': 3, 'n_estimators': 200, 'subsample': 0.6}",0.95325704919572,0.9499705597890837,0.9029989707007656,0.9033366736417916,0.9174720050228629,0.9254070516700448,0.022050745736246342,50,0.983840330951641,0.982737834835839,0.986246615335712,0.9839939327192866,0.9846279696866069,0.9842893367058171,0.0011525310985660052
0.054003238677978516,0.007591302775057581,0.0010446071624755859,0.00013575166154743454,0.6,0.1,3,200,0.8,"{'colsample_bytree': 0.6, 'learning_rate': 0.1, 'max_depth': 3, 'n_estimators': 200, 'subsample': 0.8}",0.9495198471147194,0.9334880335192899,0.898616862107978,0.9027061086885462,0.9161475743915152,0.9200956851644098,0.019102152179851194,76,0.9854148672914291,0.9840126828457237,0.9865828584192207,0.9850299959097799,0.9849653290584158,0.9852011467049138,0.0008309214947549507
0.05038418769836426,0.005795167584588936,0.0010385513305664062,9.876574171760074e-05,0.6,0.1,3,200,1.0,"{'colsample_bytree': 0.6, 'learning_rate': 0.1, 'max_depth': 3, 'n_estimators': 200, 'subsample': 1.0}",0.9492722442351766,0.9463921618746073,0.9064695220077038,0.9054963589040036,0.9091604731751621,0.9233581520393308,0.020039707317777218,60,0.9833858276146771,0.9817781120159209,0.9854004761061091,0.9847219261676122,0.9847859519672515,0.9840144587743141,0.001297164589557343
0.024094676971435545,0.004677863398669532,0.0008985042572021484,8.139438493253123e-05,0.6,0.1,5,50,0.6,"{'colsample_bytree': 0.6, 'learning_rate': 0.1, 'max_depth': 5, 'n_estimators': 50, 'subsample': 0.6}",0.9380083727508688,0.9490315321975007,0.8805619178852881,0.8773190895795182,0.9065812545661018,0.9103004333958555,0.029167819779871408,99,0.9778354327833759,0.9743375381308096,0.9769036400905541,0.979771372471276,0.977577184588926,0.9772850336129884,0.0017551844913942666
0.025973796844482422,0.006784107534888373,0.0008890628814697266,0.0001498976116586773,0.6,0.1,5,50,0.8,"{'colsample_bytree': 0.6, 'learning_rate': 0.1, 'max_depth': 5, 'n_estimators': 50, 'subsample': 0.8}",0.9384561960632504,0.9536469589756457,0.8812228822167949,0.8765194812426867,0.9001711238609589,0.9100033284718674,0.030856074011909203,102,0.9802339487277092,0.978984795762593,0.9813114916734126,0.9822741001354521,0.980719783805878,0.980704824021009,0.001096459548783052
0.022739553451538087,0.0016511200162981597,0.0009487628936767578,0.00013214486914642454,0.6,0.1,5,50,1.0,"{'colsample_bytree': 0.6, 'learning_rate': 0.1, 'max_depth': 5, 'n_estimators': 50, 'subsample': 1.0}",0.9386242865779719,0.9529829610647288,0.8979185370581234,0.8915283760505683,0.9055176227833356,0.9173143567069456,0.024110744482347617,84,0.9825367945694885,0.979064755075336,0.9826439593642684,0.9836656314685007,0.9831677753151333,0.9822157831585454,0.0016262662978960597
0.04859318733215332,0.007731905690169607,0.001103973388671875,7.072294026753735e-05,0.6,0.1,5,100,0.6,"{'colsample_bytree': 0.6, 'learning_rate': 0.1, 'max_depth': 5, 'n_estimators': 100, 'subsample': 0.6}",0.9543209915382207,0.9575226209491846,0.9083327447334234,0.8890303040422485,0.9245342528560109,0.9267481828238177,0.026359036583599723,39,0.9924534783687677,0.9919971285959518,0.9921649128739781,0.992753830359913,0.9923690625988635,0.992347682559495,0.000258030515415243
0.04396400451660156,0.00637425308935491,0.0013546943664550781,0.00029948087891182274,0.6,0.1,5,100,0.8,"{'colsample_bytree': 0.6, 'learning_rate': 0.1, 'max_depth': 5, 'n_estimators': 100, 'subsample': 0.8}",0.9522256389969447,0.9591547770690985,0.9062996821904801,0.8882723981017293,0.9206462478253379,0.925319748836718,0.026925255074788563,51,0.9932485021285228,0.993090645337558,0.9945774402854096,0.9945553702950751,0.9940143645577644,0.9938972645208659,0.0006294413154474197
0.04797639846801758,0.009548773798985045,0.0010892391204833985,0.00022785855072237265,0.6,0.1,5,100,1.0,"{'colsample_bytree': 0.6, 'learning_rate': 0.1, 'max_depth': 5, 'n_estimators': 100, 'subsample': 1.0}",0.95134394484082,0.9610976107184733,0.9140696299708965,0.9058481951020313,0.9203864553917808,0.9305491672048003,0.02168236177033977,22,0.9939015194299176,0.9920513182567408,0.9942534058257979,0.9941310409338083,0.9937707197040186,0.9936216008300566,0.0008031295030234548
0.08923506736755371,0.004274202562857588,0.001276683807373047,0.00010814351374957607,0.6,0.1,5,200,0.6,"{'colsample_bytree': 0.6, 'learning_rate': 0.1, 'max_depth': 5, 'n_estimators': 200, 'subsample': 0.6}",0.9582167781558899,0.959798127088397,0.9187943063901863,0.8958059372244467,0.9318581738300057,0.9328946645377851,0.024250665318301792,10,0.9980680799363769,0.998098277833961,0.9982017078880745,0.9982415202265664,0.998185715448114,0.9981590602666186,6.527003588424908e-05
0.09113059043884278,0.005118710962044476,0.0015946388244628905,0.00028420649095422927,0.6,0.1,5,200,0.8,"{'colsample_bytree': 0.6, 'learning_rate': 0.1, 'max_depth': 5, 'n_estimators': 200, 'subsample': 0.8}",0.9573433119748865,0.9612425565770278,0.9151425207823186,0.8919287791110155,0.9283928270842633,0.9308099991059023,0.02605079312393273,18,0.9984366555873787,0.9984653293831748,0.9987661834224197,0.998705653125265,0.9986097269657782,0.9985967096968033,0.00012933488958800595
0.09172644615173339,0.006372419408312363,0.0013175010681152344,0.0002382907524764426,0.6,0.1,5,200,1.0,"{'colsample_bytree': 0.6, 'learning_rate': 0.1, 'max_depth': 5, 'n_estimators': 200, 'subsample': 1.0}",0.9553561563729112,0.9644405574077225,0.9208862195245217,0.9093978527354778,0.9285394375331666,0.93572404471476,0.020856202579871003,2,0.9985958151679237,0.9981308331276638,0.9984533925447294,0.9985326585915549,0.9985085133991728,0.998444242566209,0.00016323699664875843
0.040305376052856445,0.0047094389496293715,0.0010593891143798827,0.00014708572190470513,0.6,0.1,7,50,0.6,"{'colsample_bytree': 0.6, 'learning_rate': 0.1, 'max_depth': 7, 'n_estimators': 50, 'subsample': 0.6}",0.951181709448036,0.9604341659033483,0.9146009493645842,0.8734562631589936,0.9104537185117374,0.9220253612773399,0.031219580432876665,67,0.9907303675245546,0.9907481922087165,0.9911216742628871,0.9917399887978338,0.9906389057892658,0.9909958257166516,0.0004071360432466933
0.04183502197265625,0.003947519594732579,0.001065540313720703,0.000138284699656818,0.6,0.1,7,50,0.8,"{'colsample_bytree': 0.6, 'learning_rate': 0.1, 'max_depth': 7, 'n_estimators': 50, 'subsample': 0.8}",0.9436533416504048,0.9608811870364629,0.9056653358251968,0.8824596449311852,0.9169062029795988,0.9219131424845697,0.027701205351429108,68,0.9937019739967186,0.9937842468933129,0.9942914664659608,0.9944088034072681,0.9933368562514935,0.9939046694029507,0.00039541417419338744
0.03961586952209473,0.005837985850181839,0.000997781753540039,9.826814442217122e-05,0.6,0.1,7,50,1.0,"{'colsample_bytree': 0.6, 'learning_rate': 0.1, 'max_depth': 7, 'n_estimators': 50, 'subsample': 1.0}",0.9427549318182581,0.9603715301041448,0.9213718028914215,0.8747739930993476,0.9112861384864859,0.9221116792799314,0.02914980735416431,66,0.9953696907127466,0.9952736981020452,0.9956983884944107,0.9957270069991558,0.995515751210382,0.9955169071037482,0.00017770879639762263
0.07832570075988769,0.009721847413862185,0.0011864662170410155,0.00013666735262021426,0.6,0.1,7,100,0.6,"{'colsample_bytree': 0.6, 'learning_rate': 0.1, 'max_depth': 7, 'n_estimators': 100, 'subsample': 0.6}",0.961615005473179,0.9641787558110245,0.9256109374994212,0.8820988936812344,0.9243013263597788,0.9315609837649277,0.030005890440846342,14,0.9979498853472887,0.9980267842472199,0.9981348541740797,0.9983497728675492,0.9978819866837559,0.9980686566639786,0.00016377669963907492
0.07293200492858887,0.003798853698624814,0.001072072982788086,0.00010105568842925325,0.6,0.1,7,100,0.8,"{'colsample_bytree': 0.6, 'learning_rate': 0.1, 'max_depth': 7, 'n_estimators': 100, 'subsample': 0.8}",0.9518493094494896,0.9653566077624532,0.9201794542057875,0.8917348209319228,0.9269816991819662,0.931220378306324,0.025650780138121252,15,0.9987881608293432,0.9989567975258637,0.9990358661459696,0.9990630127284218,0.9987499126637653,0.9989187499786727,0.0001276989571472526
0.08029389381408691,0.009447958973835999,0.0011326789855957032,9.524712126266114e-05,0.6,0.1,7,100,1.0,"{'colsample_bytree': 0.6, 'learning_rate': 0.1, 'max_depth': 7, 'n_estimators': 100, 'subsample': 1.0}",0.9490851618547329,0.9641035584171991,0.9285615250043535,0.8832968946990548,0.9190133562946088,0.9288120992539899,0.02765572690709211,32,0.9990940640662257,0.9990033122341686,0.9992074484409597,0.9992695689788965,0.9990308930735041,0.9991210573587509,0.00010221670210077154
0.15751500129699708,0.021915665278279022,0.0012809276580810548,2.16641557856036e-05,0.6,0.1,7,200,0.6,"{'colsample_bytree': 0.6, 'learning_rate': 0.1, 'max_depth': 7, 'n_estimators': 200, 'subsample': 0.6}",0.9644094255691749,0.9654061882167899,0.9311288642712909,0.8850500192629331,0.9279799089047867,0.9347948812449951,0.02949070420357557,4,0.9997755317878299,0.999816682904657,0.9998053323153313,0.9998444805792156,0.9997848773651211,0.9998053809904309,2.4363444027205436e-05
0.1459822177886963,0.005512662005004473,0.0016665458679199219,0.00039321597874002965,0.6,0.1,7,200,0.8,"{'colsample_bytree': 0.6, 'learning_rate': 0.1, 'max_depth': 7, 'n_estimators': 200, 'subsample': 0.8}",0.9536039671118933,0.9662053171295532,0.9234312790867447,0.8926292821237232,0.9307055187283554,0.9333150728360537,0.025507803190512966,9,0.9998860059036169,0.9999018288115507,0.9999140876142307,0.9999145904750799,0.9999003121694519,0.9999033649947862,1.0526192314954194e-05
0.16134195327758788,0.025580243473700227,0.0015408515930175782,0.00030417749920928414,0.6,0.1,7,200,1.0,"{'colsample_bytree': 0.6, 'learning_rate': 0.1, 'max_depth': 7, 'n_estimators': 200, 'subsample': 1.0}",0.9508375824366672,0.9648994567624786,0.9307379963334826,0.8845516462288224,0.9211874424454314,0.9304428248413764,0.027549791740306275,23,0.9999077272399624,0.9998676104822393,0.9998937669344256,0.9998941272481944,0.9998994881085272,0.9998925440026698,1.3449416123917846e-05
0.019199943542480467,0.001823026182476868,0.0008630752563476562,7.096067514029032e-05,0.8,0.05,3,50,0.6,"{'colsample_bytree': 0.8, 'learning_rate': 0.05, 'max_depth': 3, 'n_estimators': 50, 'subsample': 0.6}",0.8759284600067924,0.9031712175649133,0.8106224697335945,0.8037958946976929,0.8134480352140935,0.8413932154434173,0.040374583787379244,157,0.8858809887855678,0.8783697852301228,0.8921331652035923,0.8896862789968366,0.890423622901036,0.887298768223431,0.004910665014848524
0.020936965942382812,0.009598232473981191,0.0007964134216308594,4.090184512010669e-05,0.8,0.05,3,50,0.8,"{'colsample_bytree': 0.8, 'learning_rate': 0.05, 'max_depth': 3, 'n_estimators': 50, 'subsample': 0.8}",0.8775732885486623,0.9005981319825785,0.8148616233051571,0.7982645010911144,0.8085010224615827,0.8399597134778191,0.04110925184216038,158,0.8916062485531678,0.8839164679126179,0.8974994039931138,0.8912724206574836,0.8930897985504382,0.8914768679333642,0.004383849273722244
0.019146728515625,0.0050105569552755325,0.0008761405944824219,0.0001215591943324503,0.8,0.05,3,50,1.0,"{'colsample_bytree': 0.8, 'learning_rate': 0.05, 'max_depth': 3, 'n_estimators': 50, 'subsample': 1.0}",0.8774023127310173,0.9017742046615811,0.8158095400589653,0.800644244809418,0.8012345804157899,0.8393729765353545,0.04207096657171864,159,0.8928676328634011,0.8899867206719685,0.9024875664891874,0.8925431445336268,0.8956100245527748,0.8946990178221916,0.004282497601562941
0.043471765518188474,0.01158908024181159,0.0010187625885009766,9.81982425411979e-05,0.8,0.05,3,100,0.6,"{'colsample_bytree': 0.8, 'learning_rate': 0.05, 'max_depth': 3, 'n_estimators': 100, 'subsample': 0.6}",0.922733414862902,0.9298551647653934,0.8683792575383222,0.8530284949216818,0.8672514085618481,0.8882495481300294,0.03161150835720547,127,0.941472467791531,0.9386414013182758,0.9461914442389953,0.9471500143029278,0.9442308664324304,0.9435372388168322,0.003124438400874234
0.03911185264587402,0.0032903793763004604,0.0009348392486572266,0.00010921777893657208,0.8,0.05,3,100,0.8,"{'colsample_bytree': 0.8, 'learning_rate': 0.05, 'max_depth': 3, 'n_estimators': 100, 'subsample': 0.8}",0.923051774319791,0.9233100722387921,0.8720334768350718,0.8464209702935681,0.8819905638037734,0.8893613714981994,0.029953364817311548,125,0.9436806511264506,0.9400738630102173,0.9510187554195474,0.9455563578094633,0.9483773454262014,0.9457413945583759,0.003773608103040349
0.04075775146484375,0.002181144897156354,0.0009744644165039062,9.450226786785894e-05,0.8,0.05,3,100,1.0,"{'colsample_bytree': 0.8, 'learning_rate': 0.05, 'max_depth': 3, 'n_estimators': 100, 'subsample': 1.0}",0.9217707971046649,0.9292758908942298,0.86678120226301,0.8435801466414494,0.8581918551382017,0.8839199784083112,0.03485059332394199,137,0.9449171260821192,0.9451290937925143,0.9502649958417648,0.945924701912337,0.947382360581686,0.9467236556420844,0.0019707605746380192
0.07815098762512207,0.003994311377795735,0.0011197566986083985,0.00011690765500418746,0.8,0.05,3,200,0.6,"{'colsample_bytree': 0.8, 'learning_rate': 0.05, 'max_depth': 3, 'n_estimators': 200, 'subsample': 0.6}",0.9429659303529208,0.9340337116291064,0.8920451126413046,0.8810445269467269,0.8967437972209592,0.9093666157582035,0.024490366647468564,104,0.9666745975007862,0.9654071455626902,0.9717138571472387,0.9706735364073132,0.9701794500325002,0.9689297173301057,0.0024432866644745047
0.052261877059936526,0.0045120930208834495,0.0011416912078857423,0.000252445787902746,0.8,0.05,3,200,0.8,"{'colsample_bytree': 0.8, 'learning_rate': 0.05, 'max_depth': 3, 'n_estimators': 200, 'subsample': 0.8}",0.9441203278359502,0.9326472389071718,0.8911554217748946,0.8729042434495845,0.9080557739041208,0.9097766011743446,0.026122166695036704,103,0.9697869362276309,0.9673591663204684,0.973408687938971,0.9714818680371706,0.9723569413775323,0.9708787199803546,0.002122682909747484
0.0554844856262207,0.004364873512860559,0.0013724803924560548,0.0004100492820800488,0.8,0.05,3,200,1.0,"{'colsample_bytree': 0.8, 'learning_rate': 0.05, 'max_depth': 3, 'n_estimators': 200, 'subsample': 1.0}",0.9374596847087169,0.9370948234212199,0.88872011647336,0.8630497500015194,0.8945004060891926,0.9041649561388017,0.029035570893115967,111,0.9664565852542992,0.9674539450002972,0.9712947491511588,0.9681376203673061,0.9711177234499289,0.9688921246445978,0.0019644533121072763
0.026239871978759766,0.0063971257066712415,0.0009088993072509765,0.00013244562159866699,0.8,0.05,5,50,0.6,"{'colsample_bytree': 0.8, 'learning_rate': 0.05, 'max_depth': 5, 'n_estimators': 50, 'subsample': 0.6}",0.9023094987156404,0.9313794119296227,0.8608170992986157,0.8317437643312429,0.8544271369942146,0.8761353822538673,0.03581480317999489,149,0.9380985680709313,0.9351776052389587,0.9413086735371559,0.9399681728551891,0.9361232826855135,0.9381352604775497,0.002290294466207261
0.025271844863891602,0.0028275155404780075,0.0010002613067626952,0.00019377817300719464,0.8,0.05,5,50,0.8,"{'colsample_bytree': 0.8, 'learning_rate': 0.05, 'max_depth': 5, 'n_estimators': 50, 'subsample': 0.8}",0.9059123311111038,0.9280557150288073,0.8507842342620033,0.8358002203243691,0.8543948584349552,0.8749894718322478,0.035547372486697315,150,0.9450158897215466,0.9389906322367345,0.9458733750478878,0.9444320114700707,0.941360805085705,0.9431345427123888,0.0025706899271033846
0.02646770477294922,0.0015569702530109663,0.000899648666381836,7.543114722345839e-05,0.8,0.05,5,50,1.0,"{'colsample_bytree': 0.8, 'learning_rate': 0.05, 'max_depth': 5, 'n_estimators': 50, 'subsample': 1.0}",0.904481040931608,0.9279411392298275,0.861385764528532,0.8440791226217561,0.8551998233200497,0.8786173781263547,0.03206232660518633,148,0.947180420733495,0.9434079085401805,0.9496412883444731,0.9473263472344821,0.9455538686641884,0.9466219667033637,0.002068590307744608
0.05192036628723144,0.01042852625214681,0.0009864330291748046,0.00010362436158374001,0.8,0.05,5,100,0.6,"{'colsample_bytree': 0.8, 'learning_rate': 0.05, 'max_depth': 5, 'n_estimators': 100, 'subsample': 0.6}",0.9415295283434357,0.9539727707116279,0.9138022820350254,0.8716652044377046,0.9082452130146687,0.9178429997084925,0.028660933956591868,81,0.9786166761110627,0.9790618153462406,0.9822346333369497,0.9829564957496929,0.9802297918555728,0.9806198824799038,0.0017122944575769022
0.050922298431396486,0.007721294747289526,0.0012024879455566407,0.00021432276638698504,0.8,0.05,5,100,0.8,"{'colsample_bytree': 0.8, 'learning_rate': 0.05, 'max_depth': 5, 'n_estimators': 100, 'subsample': 0.8}",0.9450750910121651,0.9534162706665926,0.9077517978843548,0.8752491382461354,0.9094671849662436,0.9181918965550983,0.028258306458485944,80,0.9833644787959922,0.9815135911168745,0.98454299522066,0.9852941283032697,0.983959345036047,0.9837349076945687,0.0012810941717072658
0.05318374633789062,0.006994451466732086,0.00090789794921875,7.934862599124536e-05,0.8,0.05,5,100,1.0,"{'colsample_bytree': 0.8, 'learning_rate': 0.05, 'max_depth': 5, 'n_estimators': 100, 'subsample': 1.0}",0.9402558677932001,0.9546970826309037,0.9033423316381365,0.8737883938517645,0.902342045087043,0.9148851442002094,0.029010938639242947,86,0.9841979709180226,0.9833659040555619,0.9857773217075292,0.9866661542784723,0.9848439444783903,0.9849702590875953,0.0011587709037687783
0.09979763031005859,0.00782106735489328,0.0011918067932128907,0.0002511789416911199,0.8,0.05,5,200,0.6,"{'colsample_bytree': 0.8, 'learning_rate': 0.05, 'max_depth': 5, 'n_estimators': 200, 'subsample': 0.6}",0.9525458969527064,0.9560950618162876,0.928810639792143,0.8894177071263272,0.922080038188795,0.9297898687752518,0.024083653429741052,27,0.991968168745729,0.9920755641723479,0.9940931302218018,0.9940582203709948,0.9927532525378014,0.9929896672097349,0.000926754751751528
0.10068306922912598,0.009728347549657882,0.0014293193817138672,0.00027892312306001746,0.8,0.05,5,200,0.8,"{'colsample_bytree': 0.8, 'learning_rate': 0.05, 'max_depth': 5, 'n_estimators': 200, 'subsample': 0.8}",0.9555363984521471,0.9591294679868774,0.922764564086517,0.8877459870724076,0.9239949183099597,0.9298342671815817,0.02597810755893182,24,0.9940907847542367,0.9935192129011804,0.9946892992335803,0.9947891177796606,0.9943802465541746,0.9942937322445665,0.0004583519813539103
0.09949374198913574,0.005504320679330059,0.0011420726776123046,0.00015889072738472165,0.8,0.05,5,200,1.0,"{'colsample_bytree': 0.8, 'learning_rate': 0.05, 'max_depth': 5, 'n_estimators': 200, 'subsample': 1.0}",0.951035152498478,0.9598830434534319,0.9143489412090922,0.8844474166775477,0.915018147317267,0.9249465402311634,0.02739429154743813,55,0.9937649064901991,0.992822056026038,0.9940075804449517,0.9945977742501958,0.9940267881436836,0.9938438210710137,0.0005794774882309202
0.04407796859741211,0.007998409470311362,0.0010623931884765625,0.00014070356830210402,0.8,0.05,7,50,0.6,"{'colsample_bytree': 0.8, 'learning_rate': 0.05, 'max_depth': 7, 'n_estimators': 50, 'subsample': 0.6}",0.9140195091764605,0.9440422714152912,0.8922723102444985,0.8529113549741396,0.8823382178065862,0.8971167327233951,0.030606203252287575,120,0.9609354619579202,0.9585608667122475,0.9621038523746919,0.9646012583793449,0.9588240509444967,0.9610050980737401,0.002230502753846246
0.04268956184387207,0.006548758471663071,0.001076984405517578,0.00017880416843449063,0.8,0.05,7,50,0.8,"{'colsample_bytree': 0.8, 'learning_rate': 0.05, 'max_depth': 7, 'n_estimators': 50, 'subsample': 0.8}",0.916190913063236,0.9447791774795847,0.886953101998341,0.853789600333829,0.8710225994600648,0.8945470784670111,0.032446759351804404,123,0.9671130011388562,0.9668770689396027,0.9686504129787045,0.9685602309208878,0.966914932788834,0.9676231293533771,0.0008064552442608284
0.05738821029663086,0.019206833762098485,0.0011740684509277343,0.000176792647899867,0.8,0.05,7,50,1.0,"{'colsample_bytree': 0.8, 'learning_rate': 0.05, 'max_depth': 7, 'n_estimators': 50, 'subsample': 1.0}",0.9172583302833687,0.9392458566001066,0.892574278651823,0.8556496617519556,0.8838065754555903,0.8977069405485688,0.02862208047972474,119,0.9710474415724129,0.969416076756361,0.9737408540069067,0.9718619325970533,0.9714451822067388,0.9715022974278946,0.0013930503006296642
0.07933259010314941,0.011173452219863548,0.0011355876922607422,9.890814222321484e-05,0.8,0.05,7,100,0.6,"{'colsample_bytree': 0.8, 'learning_rate': 0.05, 'max_depth': 7, 'n_estimators': 100, 'subsample': 0.6}",0.9492692849513771,0.9628103852604423,0.9262969875181255,0.8814708079402784,0.9250928812213387,0.9289880693783124,0.027696863734649167,31,0.9916651105646538,0.9922878102518109,0.9928677886131482,0.9936355358214441,0.9916534617730047,0.9924219414048124,0.0007553722489719248
0.08313655853271484,0.006382660137848209,0.0013376712799072266,0.00030631124589100843,0.8,0.05,7,100,0.8,"{'colsample_bytree': 0.8, 'learning_rate': 0.05, 'max_depth': 7, 'n_estimators': 100, 'subsample': 0.8}",0.9500042583431547,0.9624049665707037,0.921899184751176,0.8859843478698551,0.9130198140132989,0.9266625143096376,0.027151006290455245,41,0.9945508518043931,0.994512114083835,0.9951297478321753,0.9955193594337297,0.9948114644545947,0.9949047075217455,0.0003785440159319103
0.09766845703125,0.009520157560294387,0.0012477874755859376,9.48470461419955e-05,0.8,0.05,7,100,1.0,"{'colsample_bytree': 0.8, 'learning_rate': 0.05, 'max_depth': 7, 'n_estimators': 100, 'subsample': 1.0}",0.9488048204549611,0.9584461821676009,0.9209508323572217,0.8831277104233173,0.9206000949291064,0.9263859280664416,0.02632396684802766,42,0.995765207014533,0.9955439722307283,0.9964396843829226,0.9963535610976382,0.9961382570550722,0.9960481363561788,0.0003432044137440343
0.14698944091796876,0.012833622834393675,0.0014153003692626953,0.00014161914285200193,0.8,0.05,7,200,0.6,"{'colsample_bytree': 0.8, 'learning_rate': 0.05, 'max_depth': 7, 'n_estimators': 200, 'subsample': 0.6}",0.9564094988509133,0.9622358817129483,0.9354958529195189,0.8909181432967044,0.9343170733825782,0.9358752900325327,0.025060932064933986,1,0.9980446252871977,0.9983554809422784,0.9985046993044964,0.9986739387646373,0.9980261203805069,0.9983209729358234,0.00025410120410700713
0.17778267860412597,0.02118300653579363,0.001380777359008789,0.000145073785235212,0.8,0.05,7,200,0.8,"{'colsample_bytree': 0.8, 'learning_rate': 0.05, 'max_depth': 7, 'n_estimators': 200, 'subsample': 0.8}",0.9572755569073147,0.9636019258486952,0.9302415264424813,0.8903279636962884,0.9217789824912918,0.9326451910772142,0.02638019777998041,11,0.9988913783122638,0.9989162667795933,0.9990860836978256,0.9992597933048737,0.9989790438081205,0.9990265131805355,0.0001346382603886624
0.15959610939025878,0.007807762582584077,0.001352214813232422,0.00012176320440747763,0.8,0.05,7,200,1.0,"{'colsample_bytree': 0.8, 'learning_rate': 0.05, 'max_depth': 7, 'n_estimators': 200, 'subsample': 1.0}",0.9536601760161645,0.9595873261865892,0.9251226591866974,0.8881956725582908,0.9272316675291028,0.930759500295369,0.02534317859869339,19,0.99885863128318,0.998993796317005,0.9991278940838346,0.9992461006155903,0.9992125847635839,0.9990878014126388,0.00014393946703601445
0.01508626937866211,0.0003737857289725574,0.00089111328125,0.00011302394624875901,0.8,0.1,3,50,0.6,"{'colsample_bytree': 0.8, 'learning_rate': 0.1, 'max_depth': 3, 'n_estimators': 50, 'subsample': 0.6}",0.9225958476426034,0.9288967128211476,0.8605990073893598,0.8530857851748477,0.8686399455137973,0.886763459708351,0.03226886157531831,128,0.9407586505381564,0.9368774523078205,0.9442145809996585,0.9474335985820052,0.9438990881144742,0.942636674108423,0.003571822279015184
0.01446080207824707,0.0012964242571360271,0.0008667945861816406,0.00010666950610720953,0.8,0.1,3,50,0.8,"{'colsample_bytree': 0.8, 'learning_rate': 0.1, 'max_depth': 3, 'n_estimators': 50, 'subsample': 0.8}",0.9251431326230031,0.9341711216273721,0.868804858646159,0.8437771472711277,0.8582604217715915,0.8860313363878507,0.03660754911098987,130,0.940415612660813,0.9400526212314949,0.9454545965818746,0.9461953871887172,0.9452638073885897,0.9434764050102977,0.002668020180321058
0.01385035514831543,0.0010547270992649434,0.000800466537475586,3.8933279463241124e-05,0.8,0.1,3,50,1.0,"{'colsample_bytree': 0.8, 'learning_rate': 0.1, 'max_depth': 3, 'n_estimators': 50, 'subsample': 1.0}",0.9256261331902282,0.9369815110123539,0.8654112772819973,0.8367463810485899,0.8573127388648769,0.8844156082796092,0.03957162328107986,136,0.9428260708651512,0.9423163039068067,0.9488148712220718,0.9421096174299713,0.9477036840522335,0.944754109495247,0.0028928651264359074
0.028026628494262695,0.002093044935920209,0.0009781360626220704,0.00012182621093455053,0.8,0.1,3,100,0.6,"{'colsample_bytree': 0.8, 'learning_rate': 0.1, 'max_depth': 3, 'n_estimators': 100, 'subsample': 0.6}",0.9427781549835843,0.9349073204606212,0.8837974882145144,0.8789571820883981,0.8987755270929347,0.9078431345680105,0.026259240941048617,106,0.9675134849576127,0.9641785537159969,0.9723785289820471,0.9720611040625623,0.9697720915084395,0.9691807526453318,0.003055279205197814
0.02930912971496582,0.005213240373349233,0.0010480403900146485,0.00017569662828872737,0.8,0.1,3,100,0.8,"{'colsample_bytree': 0.8, 'learning_rate': 0.1, 'max_depth': 3, 'n_estimators': 100, 'subsample': 0.8}",0.9435840596104969,0.9420701439907191,0.8907156522431211,0.8750672854436014,0.8992481077164085,0.9101370498008693,0.027799543466151707,100,0.9681082014047822,0.9676252952820635,0.9725989666751942,0.971097533256269,0.9706001921771005,0.9700060377590818,0.0018728256633452711
0.026890087127685546,0.002528010121417299,0.0008853912353515625,9.561501789611535e-05,0.8,0.1,3,100,1.0,"{'colsample_bytree': 0.8, 'learning_rate': 0.1, 'max_depth': 3, 'n_estimators': 100, 'subsample': 1.0}",0.9436294852079253,0.945768179565213,0.8885348103696435,0.8626896951053894,0.8903907034993618,0.9062025747495065,0.03292945968713147,109,0.9670101930511117,0.9669523375882157,0.9698771300338721,0.9687946255246419,0.9703110471907377,0.9685890666777158,0.0014027332303364766
0.061313295364379884,0.006395186503972782,0.0010885238647460938,0.00013859594990346164,0.8,0.1,3,200,0.6,"{'colsample_bytree': 0.8, 'learning_rate': 0.1, 'max_depth': 3, 'n_estimators': 200, 'subsample': 0.6}",0.9542924425968344,0.9425086686002797,0.9046063706271288,0.8889444075313457,0.9161420862680443,0.9212987951247266,0.024043604491614835,71,0.9843587078239951,0.9845222900028439,0.9876303432862213,0.9857494463500477,0.9860343221854078,0.9856590219297032,0.0011847456263211753
0.0734175205230713,0.01877016386034599,0.0011666297912597656,0.00016350664804411439,0.8,0.1,3,200,0.8,"{'colsample_bytree': 0.8, 'learning_rate': 0.1, 'max_depth': 3, 'n_estimators': 200, 'subsample': 0.8}",0.956174066510459,0.9475474946375204,0.9104442918454808,0.8871916988555687,0.9221283911204523,0.9246971885938962,0.02501733749364164,57,0.9859729223991228,0.985579602681376,0.9881815984916889,0.986700811391863,0.9862155332668876,0.9865300936461876,0.0009021567389730198
0.07182040214538574,0.003269824021300507,0.0011693954467773438,0.00023337125669807337,0.8,0.1,3,200,1.0,"{'colsample_bytree': 0.8, 'learning_rate': 0.1, 'max_depth': 3, 'n_estimators': 200, 'subsample': 1.0}",0.9557933836848214,0.954149761227598,0.9046491686341551,0.8799293097901989,0.9142530499121073,0.9217549346497762,0.02934726291227532,70,0.9843834500415656,0.9841269561014155,0.986063343954442,0.9849733879947025,0.985702817570835,0.9850499911325921,0.000742321363771843
0.03266921043395996,0.001889661105706678,0.0010772228240966796,4.352073699693842e-05,0.8,0.1,5,50,0.6,"{'colsample_bytree': 0.8, 'learning_rate': 0.1, 'max_depth': 5, 'n_estimators': 50, 'subsample': 0.6}",0.9421784930115163,0.9526946057962536,0.9067758602647963,0.8561351566885078,0.8968671654741613,0.9109302562470472,0.03446228564053938,95,0.9790113831287174,0.9765643341917379,0.9790784421509173,0.9818107547957624,0.9784232985812842,0.9789776425696839,0.0016834000386714576
0.02845935821533203,0.003588143973695356,0.0009156703948974609,9.073731263904089e-05,0.8,0.1,5,50,0.8,"{'colsample_bytree': 0.8, 'learning_rate': 0.1, 'max_depth': 5, 'n_estimators': 50, 'subsample': 0.8}",0.946813523310875,0.9565595051529101,0.8995970643460871,0.8583268051098605,0.9027208052903202,0.9128035406420105,0.035538853763120715,91,0.9814606033196964,0.9796943307787361,0.9827618648297503,0.9846007687656947,0.981761326423215,0.9820557788234184,0.0016120114279108001
0.025704479217529295,0.0037018493555007444,0.000897073745727539,8.229311433259066e-05,0.8,0.1,5,50,1.0,"{'colsample_bytree': 0.8, 'learning_rate': 0.1, 'max_depth': 5, 'n_estimators': 50, 'subsample': 1.0}",0.9425290289800979,0.9547072495747773,0.9030065120845632,0.864585208621611,0.9025628551121286,0.9134781708746356,0.03213443884997154,88,0.9832395283560134,0.9816644282270702,0.9843512910367788,0.984584104623135,0.9839242419745499,0.9835527188435094,0.001049117090201583
0.050537919998168944,0.008005872160993134,0.001175689697265625,0.00016738243544716497,0.8,0.1,5,100,0.6,"{'colsample_bytree': 0.8, 'learning_rate': 0.1, 'max_depth': 5, 'n_estimators': 100, 'subsample': 0.6}",0.9497508380591324,0.9593446897107674,0.9242471886025024,0.8739513548708573,0.9218364616610126,0.9258261065808544,0.02968261546726374,47,0.9916607359949835,0.9918924012970818,0.9931598989910747,0.9937527724927597,0.9923368971569919,0.9925605411865783,0.0007857126971071344
0.045919609069824216,0.0014516556875938873,0.0010059833526611327,4.453659057617187e-05,0.8,0.1,5,100,0.8,"{'colsample_bytree': 0.8, 'learning_rate': 0.1, 'max_depth': 5, 'n_estimators': 100, 'subsample': 0.8}",0.9559884554573775,0.9623138043162159,0.9199413634416136,0.8713005720995615,0.9207906834613805,0.9260669757552297,0.03247721935221062,45,0.9934033203095819,0.9930261336300922,0.9944818289288314,0.994576376048922,0.9938535451760614,0.9938682408186977,0.0006005759622216657
0.04834141731262207,0.004264996416465506,0.0011818408966064453,0.00031005332931278935,0.8,0.1,5,100,1.0,"{'colsample_bytree': 0.8, 'learning_rate': 0.1, 'max_depth': 5, 'n_estimators': 100, 'subsample': 1.0}",0.954361617156016,0.9611580591154676,0.9192542329833762,0.870705373339563,0.9149770469860143,0.9240912659160874,0.03239370532299108,59,0.9941568549377068,0.993477815523793,0.9942695934742252,0.9937151091325169,0.9940964918346906,0.9939431729805864,0.000298089808574357
0.10481600761413574,0.01122614106780607,0.0012790679931640625,0.00010616706243520893,0.8,0.1,5,200,0.6,"{'colsample_bytree': 0.8, 'learning_rate': 0.1, 'max_depth': 5, 'n_estimators': 200, 'subsample': 0.6}",0.9551754020309107,0.9621814715919693,0.9355153733626161,0.8777168778773624,0.9301869037025806,0.9321552057130879,0.02969916685069737,12,0.9981777745342602,0.9981951041587485,0.9984614820055017,0.9985596066234919,0.9983349286816755,0.9983457792007355,0.00014842882183224658
0.09696555137634277,0.010939102260965053,0.0012374401092529296,0.00017511998981551306,0.8,0.1,5,200,0.8,"{'colsample_bytree': 0.8, 'learning_rate': 0.1, 'max_depth': 5, 'n_estimators': 200, 'subsample': 0.8}",0.95982719614227,0.9644986830563778,0.9285313366908573,0.8750376905690606,0.9278214936609767,0.9311432800239083,0.03194070642936888,16,0.9986072940784455,0.9985489667452977,0.9988947049323448,0.9987954370464306,0.9987420599906662,0.9987176925586368,0.00012540142111415716
0.09858779907226563,0.007084356648693217,0.001226043701171875,0.00011891936331981609,0.8,0.1,5,200,1.0,"{'colsample_bytree': 0.8, 'learning_rate': 0.1, 'max_depth': 5, 'n_estimators': 200, 'subsample': 1.0}",0.956847913540351,0.9637086287455828,0.9265680789673378,0.8768261705956294,0.9226056273747637,0.929311283844733,0.030817597004586354,29,0.9987039918589797,0.9981541107232174,0.9986467497020317,0.9984293986974205,0.9986426918517924,0.9985153885666882,0.00020344483966907884
0.0497225284576416,0.01713507014312465,0.0010413169860839845,9.245103968392956e-05,0.8,0.1,7,50,0.6,"{'colsample_bytree': 0.8, 'learning_rate': 0.1, 'max_depth': 7, 'n_estimators': 50, 'subsample': 0.6}",0.9505350289622705,0.9617006571888365,0.9192859709800338,0.868419484704416,0.9122949916336724,0.9224472266938459,0.03274695332630718,64,0.9909269123800907,0.991043700719188,0.9924170956096885,0.9922751137291613,0.990755083994729,0.9914835812865714,0.0007116257567517955
0.048187637329101564,0.007065136623132235,0.0010050296783447265,0.00010124877757954144,0.8,0.1,7,50,0.8,"{'colsample_bytree': 0.8, 'learning_rate': 0.1, 'max_depth': 7, 'n_estimators': 50, 'subsample': 0.8}",0.9446850751635651,0.9637691549722296,0.9122275910308483,0.874192953518169,0.9188736234920827,0.9227496796353789,0.030486891428736358,62,0.9951303789067644,0.9941386764445135,0.9950871345287646,0.9951303657477376,0.9944989420027001,0.994797099526096,0.0004071070340726573
0.0449946403503418,0.0057624161342299625,0.0010286331176757812,0.00010642238387634135,0.8,0.1,7,50,1.0,"{'colsample_bytree': 0.8, 'learning_rate': 0.1, 'max_depth': 7, 'n_estimators': 50, 'subsample': 1.0}",0.9474032930720443,0.9581081043616103,0.9208872627976441,0.865571044727264,0.911888400532792,0.920771621098271,0.032339720304607585,73,0.9954843145744673,0.9950403632136381,0.9961126001814976,0.9956911092231002,0.9957169403146513,0.9956090655014709,0.00034954267480284267
0.09331817626953125,0.021500651429893988,0.0013467788696289063,0.00012725848445490292,0.8,0.1,7,100,0.6,"{'colsample_bytree': 0.8, 'learning_rate': 0.1, 'max_depth': 7, 'n_estimators': 100, 'subsample': 0.6}",0.9590130156342566,0.9627387282417296,0.9304882362515069,0.8763620026474782,0.9268925898106146,0.931098914517117,0.030966015146322263,17,0.997974930344152,0.997963614865553,0.9983299540963574,0.9984775321158869,0.9978156381719596,0.9981123339187817,0.0002488990679586904
0.08651890754699706,0.009435227080882487,0.0012208938598632813,7.901314013310996e-05,0.8,0.1,7,100,0.8,"{'colsample_bytree': 0.8, 'learning_rate': 0.1, 'max_depth': 7, 'n_estimators': 100, 'subsample': 0.8}",0.9515455719787699,0.9656269862188921,0.9223787053588312,0.878329900060078,0.9271392751507004,0.9290040877534544,0.02988177277000752,30,0.9988976076286487,0.9988409963559426,0.9991572500775953,0.999238925018518,0.9990560385521716,0.9990381635265753,0.00015062347322925305
0.08712353706359863,0.007271390132223449,0.0012259960174560546,0.00013097540646730144,0.8,0.1,7,100,1.0,"{'colsample_bytree': 0.8, 'learning_rate': 0.1, 'max_depth': 7, 'n_estimators': 100, 'subsample': 1.0}",0.953537516556301,0.9605622349137597,0.9271640593189765,0.8687230110272215,0.9180649845039546,0.9256103612640427,0.032548661353143354,48,0.9988442660309345,0.9988978580453511,0.9990807521745648,0.9992634887554043,0.9991384089677404,0.9990449547947989,0.00015471629546734566
0.1706465721130371,0.0025252224774852693,0.0013562679290771485,0.00013280292382344424,0.8,0.1,7,200,0.6,"{'colsample_bytree': 0.8, 'learning_rate': 0.1, 'max_depth': 7, 'n_estimators': 200, 'subsample': 0.6}",0.9615837921210825,0.9634022378070656,0.935345003903798,0.8776112021502581,0.931136502879079,0.9338157477722566,0.031031895222905722,5,0.9998048806590355,0.9998318990442999,0.99985298850936,0.9998689496822606,0.9998163783265726,0.9998350192443057,2.3408216038396682e-05
0.1644064426422119,0.005270209531500697,0.001399993896484375,0.0001387464215539763,0.8,0.1,7,200,0.8,"{'colsample_bytree': 0.8, 'learning_rate': 0.1, 'max_depth': 7, 'n_estimators': 200, 'subsample': 0.8}",0.9531800638025738,0.9661279226116064,0.9253730767314701,0.878918577190666,0.92988425081024,0.9306967782293112,0.02990266952514823,20,0.9999225745117085,0.9999116683624382,0.9999332913777191,0.9999482231215644,0.9999267746366468,0.9999285064020154,1.2110746739720666e-05
0.195200777053833,0.017215110110153222,0.001432657241821289,0.0001691474551715314,0.8,0.1,7,200,1.0,"{'colsample_bytree': 0.8, 'learning_rate': 0.1, 'max_depth': 7, 'n_estimators': 200, 'subsample': 1.0}",0.9547884127854044,0.9609687551388402,0.9292874981076554,0.8699914276268038,0.9214580136523794,0.9272988214622166,0.03228482406265454,38,0.9999117878959165,0.999896070640375,0.9998951410764041,0.9999200978507771,0.999930529893266,0.9999107254713477,1.3702720943289632e-05
0.02257370948791504,0.009509407919777928,0.0010255813598632813,0.00012214503757844086,1.0,0.05,3,50,0.6,"{'colsample_bytree': 1.0, 'learning_rate': 0.05, 'max_depth': 3, 'n_estimators': 50, 'subsample': 0.6}",0.898910754409018,0.91811492131604,0.8277956052342794,0.7772403256933865,0.8156994555971889,0.8475522124499826,0.05284974698472101,156,0.8979397772786967,0.8907299055826586,0.9015786969997498,0.9077248211948813,0.8988540793254597,0.8993654560762894,0.005507162955904825
0.01843094825744629,0.002938601894728295,0.0008852481842041016,8.468794391473835e-05,1.0,0.05,3,50,0.8,"{'colsample_bytree': 1.0, 'learning_rate': 0.05, 'max_depth': 3, 'n_estimators': 50, 'subsample': 0.8}",0.8991334548520646,0.9200341822245032,0.8239594871848526,0.7795803375850218,0.8184972003766535,0.8482409324446192,0.05278801950946237,155,0.9032307922771822,0.896829355172797,0.9065922410334708,0.9097288501982291,0.9055242827939344,0.9043811042951226,0.004316167317080613
0.01836986541748047,0.0018250323415290584,0.000954580307006836,0.00011239259181418027,1.0,0.05,3,50,1.0,"{'colsample_bytree': 1.0, 'learning_rate': 0.05, 'max_depth': 3, 'n_estimators': 50, 'subsample': 1.0}",0.9010877093222432,0.9219303140442038,0.8250818327076196,0.7695731551507563,0.8248456710677202,0.8485037364585086,0.05566841617472608,154,0.8994038096302999,0.9022911382523351,0.910727049421049,0.9026824871894766,0.9105656601679857,0.9051340289322294,0.00464137896862762
0.03065829277038574,0.003329438485902685,0.0009795188903808593,0.00011985087359593585,1.0,0.05,3,100,0.6,"{'colsample_bytree': 1.0, 'learning_rate': 0.05, 'max_depth': 3, 'n_estimators': 100, 'subsample': 0.6}",0.9278971934862766,0.9290854676182803,0.8661325689393501,0.8274571438998962,0.8610721125243103,0.8823288972936227,0.03996930761926283,142,0.9431148371808141,0.9396619342890234,0.9481177817344224,0.9492182748871758,0.9422352968988955,0.9444696249980662,0.003627679296208422
0.03242449760437012,0.005929208168761931,0.0010329246520996093,0.00012958137289065805,1.0,0.05,3,100,0.8,"{'colsample_bytree': 1.0, 'learning_rate': 0.05, 'max_depth': 3, 'n_estimators': 100, 'subsample': 0.8}",0.9313234412660779,0.9338454578108019,0.858200112102498,0.8222792315314404,0.8703560642552945,0.8832008613932226,0.04331773101986529,139,0.9434904139268846,0.9412983981192649,0.950479965119459,0.949172429610931,0.947352208478906,0.946358683051089,0.0034560867965350668
0.030794239044189452,0.010168623597095947,0.000849771499633789,0.00011201527011070357,1.0,0.05,3,100,1.0,"{'colsample_bytree': 1.0, 'learning_rate': 0.05, 'max_depth': 3, 'n_estimators': 100, 'subsample': 1.0}",0.9340374263663899,0.9400516279535066,0.8599550976488142,0.8109957457908332,0.8639030036754752,0.8817885802870038,0.04885231800203085,143,0.9451033720400686,0.9406293777830684,0.950366263394821,0.948552717376933,0.950782807041091,0.9470869075271964,0.003799909211123546
0.07202687263488769,0.02158796577086074,0.001098966598510742,8.836354795169383e-05,1.0,0.05,3,200,0.6,"{'colsample_bytree': 1.0, 'learning_rate': 0.05, 'max_depth': 3, 'n_estimators': 200, 'subsample': 0.6}",0.9425565923617455,0.9362942014109153,0.8870332813954129,0.8509620009074729,0.8962409130987734,0.9026173978348639,0.033707775462258914,114,0.9681407865609989,0.9663166853349134,0.9730392868267116,0.9716714153165741,0.9691035641239759,0.9696543476326347,0.0024191153173754366
0.08325443267822266,0.021631154375300374,0.0012155532836914062,0.00023369742908910772,1.0,0.05,3,200,0.8,"{'colsample_bytree': 1.0, 'learning_rate': 0.05, 'max_depth': 3, 'n_estimators': 200, 'subsample': 0.8}",0.9477938212560582,0.9424817494812163,0.8840928483584019,0.8426862715596295,0.9009166885195656,0.9035942758349742,0.03889240428227264,113,0.9700766867469486,0.9674054039300807,0.9743630150937843,0.9724575174077291,0.9715702774872823,0.9711745801331648,0.0023401145733495977
0.0924997329711914,0.023320057152037825,0.0012416362762451172,0.0002776705683158671,1.0,0.05,3,200,1.0,"{'colsample_bytree': 1.0, 'learning_rate': 0.05, 'max_depth': 3, 'n_estimators': 200, 'subsample': 1.0}",0.946652361269645,0.9484239928406175,0.8809700081468621,0.8309049071267718,0.8899720499246816,0.8993846638617157,0.044172989334320276,116,0.9681321431177352,0.9653459134618841,0.9715359710742104,0.9698033702973009,0.9715905093295316,0.9692815814561324,0.002345053309592476
0.03596310615539551,0.001951435778191361,0.0009267330169677734,9.888239189925456e-05,1.0,0.05,5,50,0.6,"{'colsample_bytree': 1.0, 'learning_rate': 0.05, 'max_depth': 5, 'n_estimators': 50, 'subsample': 0.6}",0.9160668210271286,0.9431474232856435,0.8774096536858251,0.8148645743319687,0.8675564631661776,0.8838089870993487,0.04386352907124964,138,0.9473339912810543,0.9443132285297966,0.9482530508988988,0.9523408286584261,0.9460753924777525,0.9476632983691857,0.002686259624838608
0.04463415145874024,0.007802962348269361,0.0011947154998779297,0.00032161105692831283,1.0,0.05,5,50,0.8,"{'colsample_bytree': 1.0, 'learning_rate': 0.05, 'max_depth': 5, 'n_estimators': 50, 'subsample': 0.8}",0.9151214639694908,0.9376873029785957,0.8661094816135284,0.8231969762869976,0.8667624618167769,0.881775537333078,0.040349329395507616,144,0.9525633002924171,0.947547363051067,0.9517673457833307,0.95505115061263,0.9500937677325306,0.9514045854943951,0.002504717962328081
0.03770804405212402,0.0027747070365145734,0.0011432170867919922,3.804760149397627e-05,1.0,0.05,5,50,1.0,"{'colsample_bytree': 1.0, 'learning_rate': 0.05, 'max_depth': 5, 'n_estimators': 50, 'subsample': 1.0}",0.9180893329428018,0.9385042001565613,0.8738007634754312,0.8307568682463821,0.8644837477822839,0.885126982520692,0.03859061961778974,134,0.9541873703466047,0.952543065009449,0.9532954187457539,0.9570884919263498,0.9522734962666523,0.953877568458962,0.001737748662292721
0.060875558853149415,0.012233004404389649,0.0011287212371826171,5.29702343269462e-05,1.0,0.05,5,100,0.6,"{'colsample_bytree': 1.0, 'learning_rate': 0.05, 'max_depth': 5, 'n_estimators': 100, 'subsample': 0.6}",0.945675400335705,0.9574430442056937,0.9097698975267648,0.8441852528288301,0.9083960793512967,0.9130939348496581,0.03952194560531434,89,0.979979763097562,0.9794550645743555,0.9819341751253998,0.9841931700025367,0.981248117757776,0.9813620581115261,0.001667504643330187
0.0749814510345459,0.014871823472542187,0.0013466835021972655,0.00027580376647243416,1.0,0.05,5,100,0.8,"{'colsample_bytree': 1.0, 'learning_rate': 0.05, 'max_depth': 5, 'n_estimators': 100, 'subsample': 0.8}",0.9480407886361059,0.9591485813907265,0.9039029536017521,0.8493269984576659,0.9037219209083951,0.912828248598929,0.038937105876297305,90,0.9819442794638267,0.9800589915584165,0.9835515115597651,0.9852675537380772,0.982653488114909,0.9826951648869988,0.001724267364158076
0.06746339797973633,0.01257216961982471,0.0011261940002441407,0.0001789311088659801,1.0,0.05,5,100,1.0,"{'colsample_bytree': 1.0, 'learning_rate': 0.05, 'max_depth': 5, 'n_estimators': 100, 'subsample': 1.0}",0.9432645122652058,0.9570949046923436,0.9023011700915313,0.8454414101918929,0.9044110801917957,0.910502615486554,0.038939733530623535,98,0.9822921235970307,0.9801349106368273,0.9827623823649909,0.9853529344764744,0.9831195890790474,0.9827323880308741,0.0016708566407460314
0.1181973934173584,0.01673443732853049,0.0011306285858154296,0.00012597622601053855,1.0,0.05,5,200,0.6,"{'colsample_bytree': 1.0, 'learning_rate': 0.05, 'max_depth': 5, 'n_estimators': 200, 'subsample': 0.6}",0.9556170081924839,0.9565850169304513,0.9256700443371099,0.8599825293712975,0.9230548509608547,0.9241818899584395,0.03510889350608299,58,0.9922805056866651,0.9922275733393875,0.9941094010114548,0.994178054418823,0.9927389460982573,0.9931068961109176,0.0008653222611074113
0.13292880058288575,0.024012389951564364,0.001352405548095703,0.00015038068124251,1.0,0.05,5,200,0.8,"{'colsample_bytree': 1.0, 'learning_rate': 0.05, 'max_depth': 5, 'n_estimators': 200, 'subsample': 0.8}",0.9578146578548667,0.9653978466461858,0.9183396488300339,0.8629536889510956,0.9218249236232521,0.9252661531810868,0.03636652223868691,52,0.993663239799679,0.9932451542022368,0.9947816034466876,0.9948939766473328,0.9942224495789345,0.9941612847349741,0.0006344632048056333
0.12789812088012695,0.024389793313292454,0.0012414932250976562,0.00014482945734586712,1.0,0.05,5,200,1.0,"{'colsample_bytree': 1.0, 'learning_rate': 0.05, 'max_depth': 5, 'n_estimators': 200, 'subsample': 1.0}",0.952472028974463,0.9648147439278263,0.916352037235416,0.8542761075727128,0.9226773703243546,0.9221184576069545,0.03841994431503471,65,0.9932996270676471,0.9922450994666722,0.9936626435990955,0.9939066710044486,0.9937360826833604,0.9933700247642449,0.000596326442577673
0.049033498764038085,0.006826072463079161,0.001051616668701172,0.0001258312095927799,1.0,0.05,7,50,0.6,"{'colsample_bytree': 1.0, 'learning_rate': 0.05, 'max_depth': 7, 'n_estimators': 50, 'subsample': 0.6}",0.9273249585657625,0.9512959502358908,0.8855365279665032,0.8227008588195357,0.8883786415609665,0.8950473874297316,0.04376000739793656,122,0.9636054689185972,0.9632522788517094,0.9653598546099499,0.9690641228319182,0.9624610420351334,0.9647485534494618,0.002356947881938558
0.04870157241821289,0.007654179187292114,0.0009682655334472656,6.297851023969378e-05,1.0,0.05,7,50,0.8,"{'colsample_bytree': 1.0, 'learning_rate': 0.05, 'max_depth': 7, 'n_estimators': 50, 'subsample': 0.8}",0.9237989739489636,0.9502091448652256,0.8869734626236401,0.8386145139878189,0.8805005739971977,0.8960193338845691,0.03827849803457836,121,0.9708398161295829,0.9702185787938474,0.9719818976811424,0.9742007215812166,0.9711043988115053,0.9716690825994589,0.0013869074343888588
0.05265555381774902,0.007168598076887927,0.0012679100036621094,0.00019232711185710038,1.0,0.05,7,50,1.0,"{'colsample_bytree': 1.0, 'learning_rate': 0.05, 'max_depth': 7, 'n_estimators': 50, 'subsample': 1.0}",0.9235540151073317,0.9432751776293873,0.8955265655924061,0.83744028279111,0.8931541020742462,0.8985900286388964,0.03577202449233461,118,0.9756270471489931,0.9739323902225806,0.9746952623116686,0.9767064846957851,0.9750011914613211,0.9751924751680697,0.0009330275245139414
0.11877326965332032,0.027668016381165086,0.0014514446258544922,0.0005400066900841234,1.0,0.05,7,100,0.6,"{'colsample_bytree': 1.0, 'learning_rate': 0.05, 'max_depth': 7, 'n_estimators': 100, 'subsample': 0.6}",0.9569956752474745,0.9660325929439871,0.9143279695359617,0.8457657304699252,0.922397098375799,0.9211038133146294,0.04249760549458681,72,0.9912809917805182,0.9916768139975103,0.9927284376025491,0.9936578390676946,0.9917382944026037,0.9922164753701752,0.0008642517708764816
0.08775420188903808,0.006314142031193399,0.0018180370330810546,0.0011199980019998687,1.0,0.05,7,100,0.8,"{'colsample_bytree': 1.0, 'learning_rate': 0.05, 'max_depth': 7, 'n_estimators': 100, 'subsample': 0.8}",0.9543067843211954,0.9657312998370494,0.9193604830430779,0.8603628896423391,0.9129659234155927,0.922545476051851,0.03699292402808874,63,0.9943262439162228,0.9942821894382267,0.9951686753350815,0.9958992305513893,0.9949484053496648,0.994924948918117,0.0005967855393222977
0.08714609146118164,0.007311008235798253,0.0012126445770263671,7.002356509427932e-05,1.0,0.05,7,100,1.0,"{'colsample_bytree': 1.0, 'learning_rate': 0.05, 'max_depth': 7, 'n_estimators': 100, 'subsample': 1.0}",0.9472475013084779,0.9619312356578377,0.9211534547237524,0.8557415456311801,0.9163758267772422,0.9204899128196982,0.03645015452837508,74,0.9962833069232934,0.9953293834742925,0.9953586612715589,0.9965135804301012,0.9953280300359308,0.9957625924270352,0.0005243665538963449
0.19567518234252929,0.029486472006933558,0.0014345169067382813,0.00014743234319859657,1.0,0.05,7,200,0.6,"{'colsample_bytree': 1.0, 'learning_rate': 0.05, 'max_depth': 7, 'n_estimators': 200, 'subsample': 0.6}",0.9620123229512955,0.9637210001015776,0.9263236728544224,0.8544577246196347,0.9307957307563997,0.927462090256666,0.039624420948760945,36,0.9976804121000993,0.9980924096417146,0.9985018769027357,0.9985411549351206,0.9979297179133307,0.9981491142986002,0.0003314119063706794
0.19885821342468263,0.02197073416521469,0.0013210773468017578,6.963683885450278e-05,1.0,0.05,7,200,0.8,"{'colsample_bytree': 1.0, 'learning_rate': 0.05, 'max_depth': 7, 'n_estimators': 200, 'subsample': 0.8}",0.9602653522890268,0.966726968241383,0.9272404416251842,0.8676262768877198,0.9191317431687648,0.9281981564424158,0.035397299468217985,33,0.9988434915947911,0.9988778895587391,0.999021932233992,0.9993163224618258,0.9989839482604621,0.999008716821962,0.00016722709524832018
0.2033682346343994,0.032919646423156104,0.0015855789184570312,0.0002681941167385274,1.0,0.05,7,200,1.0,"{'colsample_bytree': 1.0, 'learning_rate': 0.05, 'max_depth': 7, 'n_estimators': 200, 'subsample': 1.0}",0.9521043989645684,0.9638861052168884,0.9261686981669948,0.8612367112815544,0.9241985969828599,0.9255189021225732,0.03553363593976454,49,0.9989325115627865,0.9988038342528202,0.9987731691577612,0.9992236097325033,0.9988059198945988,0.9989078089200939,0.0001671288988933498
0.018017578125,0.004884925505696618,0.00096282958984375,9.164390891781824e-05,1.0,0.1,3,50,0.6,"{'colsample_bytree': 1.0, 'learning_rate': 0.1, 'max_depth': 3, 'n_estimators': 50, 'subsample': 0.6}",0.9293677966219226,0.9341940945450775,0.8598302142094291,0.8227763232340263,0.8680770658626757,0.8828490988946263,0.04279513571471562,141,0.9349126850349739,0.9362226462548703,0.9481458137920873,0.9469433356278485,0.9420251475605137,0.9416499256540586,0.0053889389710365465
0.018459844589233398,0.0035284958754620605,0.0010011672973632812,0.0001420909444858087,1.0,0.1,3,50,0.8,"{'colsample_bytree': 1.0, 'learning_rate': 0.1, 'max_depth': 3, 'n_estimators': 50, 'subsample': 0.8}",0.9328757053913159,0.9311315721469647,0.8565540454654559,0.8209972591205464,0.86191981821302,0.8806956800674607,0.044194540897812884,146,0.9457537308968863,0.9423753557847387,0.9505127304648092,0.9495302329030563,0.9464445104940817,0.9469233121087145,0.002896930723544102
0.014226293563842774,0.001161606094112355,0.0008329868316650391,5.9789067107042436e-05,1.0,0.1,3,50,1.0,"{'colsample_bytree': 1.0, 'learning_rate': 0.1, 'max_depth': 3, 'n_estimators': 50, 'subsample': 1.0}",0.9296416557376223,0.9427511148556555,0.8614453400279607,0.8011370558910298,0.8696963895442884,0.8809343112113114,0.0511222758911181,145,0.9450595791545296,0.943127023406328,0.9534370446623205,0.9489182329041757,0.9504141116348949,0.9481911983524498,0.0036997765579333906
0.0395416259765625,0.012254681583091894,0.0009842872619628905,6.197903629102145e-05,1.0,0.1,3,100,0.6,"{'colsample_bytree': 1.0, 'learning_rate': 0.1, 'max_depth': 3, 'n_estimators': 100, 'subsample': 0.6}",0.9482293942083054,0.9405141568612454,0.8773008547468869,0.8551205734367404,0.8971961474134226,0.9036722253333203,0.035881251066763334,112,0.9656582003662135,0.9649265327925435,0.9733074038594783,0.9727546497240118,0.9684733332274188,0.9690240239939332,0.0034838591983370557
0.02696075439453125,0.0008396235366548855,0.0009040355682373047,8.917025702160714e-05,1.0,0.1,3,100,0.8,"{'colsample_bytree': 1.0, 'learning_rate': 0.1, 'max_depth': 3, 'n_estimators': 100, 'subsample': 0.8}",0.948032797339279,0.9426981778039215,0.8810893045750696,0.8415756581920516,0.8937457285474218,0.9014283332915486,0.03982516128429819,115,0.9703877779164333,0.9678770086770168,0.9739667203339194,0.9708927192298744,0.9709580441963628,0.9708164540707214,0.0019377380697632978
0.03258304595947266,0.005539888459362163,0.000935220718383789,8.53528656716151e-05,1.0,0.1,3,100,1.0,"{'colsample_bytree': 1.0, 'learning_rate': 0.1, 'max_depth': 3, 'n_estimators': 100, 'subsample': 1.0}",0.9444678334787748,0.9508408219967615,0.878493614894676,0.8277723402067673,0.8953441477292374,0.8993837516612434,0.04530190941980253,117,0.9690856218531541,0.965375414683063,0.9719650719619362,0.9710235030298596,0.9715132844683634,0.9697925791992752,0.002416892879550174
0.07281899452209473,0.02072049285800418,0.0010653972625732423,7.557028052785042e-05,1.0,0.1,3,200,0.6,"{'colsample_bytree': 1.0, 'learning_rate': 0.1, 'max_depth': 3, 'n_estimators': 200, 'subsample': 0.6}",0.9600807445724282,0.9453986850152963,0.8965748371902075,0.8664422945127429,0.9190568751127368,0.9175106872806824,0.03358163620549696,83,0.98375813625744,0.9842161450910204,0.987818202755968,0.9869453194983818,0.9859951180366793,0.9857465843278979,0.0015547673724102386
0.07737689018249512,0.007860455719173938,0.0009745121002197266,0.00011688509198913193,1.0,0.1,3,200,0.8,"{'colsample_bytree': 1.0, 'learning_rate': 0.1, 'max_depth': 3, 'n_estimators': 200, 'subsample': 0.8}",0.9569592907322844,0.9487573136758224,0.9004190632475261,0.8542521239707526,0.9114751003454149,0.9143725783943601,0.036914775069685754,87,0.9867377074107284,0.986792296277027,0.9888007638715435,0.9867489577898685,0.986922930153349,0.9872005311005033,0.0008028184229531765
0.07499556541442871,0.003909868951875504,0.0010881423950195312,3.6642694063447e-05,1.0,0.1,3,200,1.0,"{'colsample_bytree': 1.0, 'learning_rate': 0.1, 'max_depth': 3, 'n_estimators': 200, 'subsample': 1.0}",0.9561041683156616,0.9573959522508968,0.8967723028454668,0.842664799581446,0.9108638509422377,0.9127602147871418,0.04252910561806266,92,0.9858564611653458,0.9840215777233378,0.9867432817993221,0.9863505124529167,0.9864300639586178,0.985880379419908,0.0009719562240445634
0.03131179809570313,0.004487444655458923,0.0010178565979003906,0.00013019605287802716,1.0,0.1,5,50,0.6,"{'colsample_bytree': 1.0, 'learning_rate': 0.1, 'max_depth': 5, 'n_estimators': 50, 'subsample': 0.6}",0.9401003204968285,0.9481025318100024,0.8993705407171596,0.8442932440739689,0.9046547341979589,0.9073042742591836,0.036825079995727344,108,0.9795561709140816,0.9774935767551183,0.979489854723664,0.9832098784964741,0.9783043673582185,0.9796107696495113,0.0019575688305780055
0.027779912948608397,0.007420782060277502,0.0009555816650390625,0.00011275348753526578,1.0,0.1,5,50,0.8,"{'colsample_bytree': 1.0, 'learning_rate': 0.1, 'max_depth': 5, 'n_estimators': 50, 'subsample': 0.8}",0.9422250192988574,0.9599709028895439,0.9044252327772957,0.8510254283219214,0.899355520560394,0.9114004207696025,0.037810369449368386,94,0.9821280401757818,0.978809614195209,0.9822940812490389,0.9843446002546505,0.9823395876994854,0.981983184714833,0.001782834599268012
0.030663204193115235,0.002676395335345725,0.0010139942169189453,0.00020836839938228019,1.0,0.1,5,50,1.0,"{'colsample_bytree': 1.0, 'learning_rate': 0.1, 'max_depth': 5, 'n_estimators': 50, 'subsample': 1.0}",0.9463768992795112,0.95793065409233,0.9021654364936864,0.8404182297520464,0.903235031042578,0.9100252501320304,0.041399012442889994,101,0.9826326582190328,0.9806618277360515,0.9828573328590821,0.9862685644747096,0.9834836468557608,0.9831808060289273,0.0018097688990022106
0.05430288314819336,0.009703594804483488,0.0009485244750976563,6.272041992843299e-05,1.0,0.1,5,100,0.6,"{'colsample_bytree': 1.0, 'learning_rate': 0.1, 'max_depth': 5, 'n_estimators': 100, 'subsample': 0.6}",0.9497237662646816,0.9514261210578018,0.9186906582740394,0.857840921486234,0.922379532230413,0.920012199862634,0.033888730317275774,77,0.9918042612729534,0.99221755694278,0.9928154617695348,0.9936321647444663,0.990915686810733,0.9922770263080937,0.0009172351431130106
0.06931729316711426,0.025502408114553298,0.0011301994323730468,0.00021500394464550005,1.0,0.1,5,100,0.8,"{'colsample_bytree': 1.0, 'learning_rate': 0.1, 'max_depth': 5, 'n_estimators': 100, 'subsample': 0.8}",0.9515556155539184,0.9674978008761543,0.9244738973615392,0.8626798738794225,0.9192384764070121,0.9250891328156093,0.03585664270744301,54,0.9930317378891416,0.9930429521740002,0.9946464111747391,0.9944140201313978,0.9940637625655545,0.9938397767869667,0.0006809464600682776
0.0727048397064209,0.009350821699931792,0.0012001514434814454,0.00013885072292885132,1.0,0.1,5,100,1.0,"{'colsample_bytree': 1.0, 'learning_rate': 0.1, 'max_depth': 5, 'n_estimators': 100, 'subsample': 1.0}",0.9545402349725156,0.9655583334448073,0.9128427092569247,0.8497549937447149,0.9185826765785872,0.9202557895995099,0.04063461321803273,75,0.9925813459220542,0.99254853986285,0.9934132510232135,0.9942285908545506,0.9931760875435016,0.993189563041234,0.0006181642950633311
0.11215906143188477,0.014499656724256666,0.0012681961059570312,0.0001204293190300183,1.0,0.1,5,200,0.6,"{'colsample_bytree': 1.0, 'learning_rate': 0.1, 'max_depth': 5, 'n_estimators': 200, 'subsample': 0.6}",0.9542778550258492,0.9545737424624462,0.9296829478872121,0.8598672725624285,0.9329290943224793,0.926266182452083,0.034787514051124784,43,0.9984244854593511,0.9983771727812736,0.998619073112377,0.9986609876922864,0.998090512173833,0.998434446243824,0.00020350833874978504
0.12332839965820312,0.023128114931240982,0.0014295578002929688,0.000437323421045572,1.0,0.1,5,200,0.8,"{'colsample_bytree': 1.0, 'learning_rate': 0.1, 'max_depth': 5, 'n_estimators': 200, 'subsample': 0.8}",0.9553421671440874,0.9694531228688018,0.9324436776880386,0.8663009009401313,0.9256266457684429,0.9298333028819004,0.03544378199044333,25,0.9988319135488629,0.9986295585130537,0.998984227064939,0.9988585779851025,0.9987740237557211,0.9988156601735358,0.00011566185798192652
0.10980486869812012,0.004570028874879026,0.001091337203979492,0.00014152343702544964,1.0,0.1,5,200,1.0,"{'colsample_bytree': 1.0, 'learning_rate': 0.1, 'max_depth': 5, 'n_estimators': 200, 'subsample': 1.0}",0.9573201884717004,0.9687868365494201,0.9232571651757882,0.8539595677591776,0.9279255123829635,0.9262498540678099,0.04003101315427328,44,0.9984890245785094,0.998216878220596,0.9986639127472396,0.9985373935133877,0.9985487735631405,0.9984911965245746,0.00014868451161065575
0.0458432674407959,0.0025096504559139173,0.0010682106018066405,8.503526764584963e-05,1.0,0.1,7,50,0.6,"{'colsample_bytree': 1.0, 'learning_rate': 0.1, 'max_depth': 7, 'n_estimators': 50, 'subsample': 0.6}",0.9505054803113985,0.9609144993190614,0.9200510260810261,0.8442128433944329,0.9156304649363628,0.9182628628084564,0.04087121457000616,79,0.9907815291484219,0.9916787407718913,0.9924459527156404,0.9939173034279303,0.989671829181441,0.9916990710490652,0.0014443263592392138
0.05766415596008301,0.021042963917194586,0.00111236572265625,7.758839522412832e-05,1.0,0.1,7,50,0.8,"{'colsample_bytree': 1.0, 'learning_rate': 0.1, 'max_depth': 7, 'n_estimators': 50, 'subsample': 0.8}",0.9527582288256634,0.9682367935093089,0.9199012309903303,0.8538627292827518,0.9147860509738593,0.9219090067163828,0.03945377515100249,69,0.9948637097214852,0.994534442481924,0.9950126800434101,0.9957458340582501,0.9944419048548244,0.9949197142319788,0.00046281513305772705
0.06127476692199707,0.01319530420587289,0.0011916160583496094,0.00011782915373953205,1.0,0.1,7,50,1.0,"{'colsample_bytree': 1.0, 'learning_rate': 0.1, 'max_depth': 7, 'n_estimators': 50, 'subsample': 1.0}",0.9460817651277532,0.9615687996680105,0.9240965157646858,0.8643249055120193,0.9200631890776936,0.9232270350300326,0.033083701072004076,61,0.9961968472966823,0.9954361598296352,0.9954017684186464,0.996647248410697,0.995556645696493,0.9958477339304308,0.0004927706129092184
0.09031200408935547,0.006643222340019827,0.0013338565826416016,0.0002604706380079805,1.0,0.1,7,100,0.6,"{'colsample_bytree': 1.0, 'learning_rate': 0.1, 'max_depth': 7, 'n_estimators': 100, 'subsample': 0.6}",0.9575788942771604,0.9596907998029305,0.9287085128831275,0.8537621326081987,0.9298081865407515,0.9259097052224338,0.03839896769830573,46,0.997673460225086,0.9979536690975025,0.9982210576484541,0.998554796017462,0.9973452460419322,0.9979496458060874,0.00041987257672808516
0.09398598670959472,0.011355289794445214,0.0013152599334716798,0.0003191759874988566,1.0,0.1,7,100,0.8,"{'colsample_bytree': 1.0, 'learning_rate': 0.1, 'max_depth': 7, 'n_estimators': 100, 'subsample': 0.8}",0.9574402575765842,0.9698626831099628,0.9283138523507347,0.8597099356868387,0.9211846487917741,0.9273022755031789,0.038280175823156036,37,0.9989099362689741,0.9989969560713383,0.9989545735203914,0.9992531209823986,0.9988283399435361,0.9989885853573277,0.00014357593292510062
0.09560394287109375,0.008654229938041116,0.0012625694274902345,0.00010890062933161168,1.0,0.1,7,100,1.0,"{'colsample_bytree': 1.0, 'learning_rate': 0.1, 'max_depth': 7, 'n_estimators': 100, 'subsample': 1.0}",0.9505570717463129,0.9641602600868694,0.9283140844932128,0.8705835398999338,0.9269851170369003,0.9281200146526458,0.03198153343620116,35,0.9988906453546295,0.9987978216077471,0.9986968740981095,0.9991562423500537,0.9988327608245722,0.9988748688470224,0.00015415021224480266
0.17536144256591796,0.005608446910723129,0.0014029979705810548,0.0002694682511909368,1.0,0.1,7,200,0.6,"{'colsample_bytree': 1.0, 'learning_rate': 0.1, 'max_depth': 7, 'n_estimators': 200, 'subsample': 0.6}",0.9593940044402999,0.9602018246208884,0.931993646752628,0.8546208034745671,0.9347549432437511,0.9281930445064269,0.03864825907627376,34,0.9997560242513396,0.9998367042559893,0.999844872247082,0.9998908440665114,0.9997509828528389,0.9998158855347523,5.4199928967615405e-05
0.19054527282714845,0.010288684079137297,0.001457357406616211,0.00017732115390923798,1.0,0.1,7,200,0.8,"{'colsample_bytree': 1.0, 'learning_rate': 0.1, 'max_depth': 7, 'n_estimators': 200, 'subsample': 0.8}",0.9591551565741834,0.9706603643321062,0.9307615979804936,0.8613385150530083,0.9249117746690549,0.9293654817217692,0.03805823143259826,28,0.9999214244035499,0.9999253396081329,0.9999227586234098,0.9999362977062756,0.9999308030085042,0.9999273246699746,5.5175468283339336e-06
0.27184467315673827,0.0863683360247168,0.0014649391174316405,0.000121832649766104,1.0,0.1,7,200,1.0,"{'colsample_bytree': 1.0, 'learning_rate': 0.1, 'max_depth': 7, 'n_estimators': 200, 'subsample': 1.0}",0.9523380812430211,0.9648611406898971,0.9308100536708086,0.8713485956293752,0.9297900760153649,0.9298295894496935,0.03210866330047951,26,0.9998563630055155,0.9998834082903768,0.9998487859001617,0.9999165683401872,0.9998981759662021,0.9998806603004887,2.5338008003854764e-05
