rmse,std,rmse/std,r2,mase,da,target,model,country
0.2737483794548578,3.188458917139584,0.08585601589009706,0.9926287445354794,1.274390559595603,1.0,SP.DYN.LE00.IN,XGB,ARG
0.8421436118519202,3.188458917139584,0.2641224597014473,0.9302393262812574,3.658323009287231,0.8846153846153846,SP.DYN.LE00.IN,RF,ARG
0.014828698696568107,3.188458917139584,0.004650741653548154,0.999978370602072,0.05802361433342921,1.0,SP.DYN.LE00.IN,ARIMA,ARG
0.41719622919834426,4.350622946601545,0.09589344659808632,0.99080444689954,1.3537921397181576,0.9807692307692307,SP.URB.TOTL.IN.ZS,XGB,ARG
1.3343629255650797,4.350622946601545,0.30670617563110286,0.9059313218297431,4.185043643307872,0.8269230769230769,SP.URB.TOTL.IN.ZS,RF,ARG
0.022632028213725935,4.350622946601545,0.005202020145506925,0.9999729389864057,0.046793337294700914,1.0,SP.URB.TOTL.IN.ZS,ARIMA,ARG
1.4419594044563155,1.9036708541180765,0.7574625630985665,0.42625046550415013,1.1728078600644936,0.5192307692307693,NV.AGR.TOTL.ZS,XGB,ARG
1.4461645331459474,1.9036708541180765,0.7596715209551914,0.42289918024962636,1.1681446791804448,0.5192307692307693,NV.AGR.TOTL.ZS,RF,ARG
1.4889930574924197,1.9036708541180765,0.782169383048223,0.3882110562219623,1.224759124646212,0.4807692307692308,NV.AGR.TOTL.ZS,ARIMA,ARG
50.90281013709474,228.34943627144878,0.22291629429110735,0.9503083257395204,1.0456284040055828,0.5576923076923077,EG.USE.PCAP.KG.OE,XGB,ARG
58.936265812527395,228.34943627144878,0.2580968307820446,0.9333860259402647,1.3008582933451505,0.5,EG.USE.PCAP.KG.OE,RF,ARG
53.41801879372596,228.34943627144878,0.23393102985472525,0.9452762732711076,1.1487145902372287,0.5192307692307693,EG.USE.PCAP.KG.OE,ARIMA,ARG
5.877624676420997,6.069795438672287,0.9683398288800775,0.062317975804502046,1.4867439088167909,0.5384615384615384,FS.AST.PRVT.GD.ZS,XGB,ARG
5.34404797407969,6.069795438672287,0.8804329615511148,0.2248378002143333,1.381008348260228,0.5192307692307693,FS.AST.PRVT.GD.ZS,RF,ARG
5.598692274650623,6.069795438672287,0.9223856604754519,0.14920469334926423,1.1495966404847182,0.6153846153846154,FS.AST.PRVT.GD.ZS,ARIMA,ARG
1.4918382629758051,4.354283026412481,0.34261398579892943,0.882615656734971,1.0531226597599612,0.4230769230769231,NE.IMP.GNFS.ZS,XGB,ARG
1.6539834022604347,4.354283026412481,0.37985206570808544,0.8557124081773003,1.0711546095451177,0.4807692307692308,NE.IMP.GNFS.ZS,RF,ARG
1.5597081333254088,4.354283026412481,0.3582009079025029,0.8716921095778226,1.11468735044673,0.46153846153846156,NE.IMP.GNFS.ZS,ARIMA,ARG
52428986079.8253,178118931685.97516,0.2943481952398971,0.9133591399590155,1.10647120200435,0.5576923076923077,NY.GDP.MKTP.CD,XGB,ARG
60769974355.920135,178118931685.97516,0.3411763914183923,0.883598669938724,1.3493903359537938,0.6153846153846154,NY.GDP.MKTP.CD,RF,ARG
50679990795.1972,178118931685.97516,0.284528939824018,0.9190432824026203,1.1312145284030797,0.6153846153846154,NY.GDP.MKTP.CD,ARIMA,ARG
2.95552823218062,5.934111535487522,0.4980574117129072,0.7519388146378396,1.0035095873700475,0.6153846153846154,NE.EXP.GNFS.ZS,XGB,ARG
3.3213646121015876,5.934111535487522,0.5597071427186645,0.6867279143897085,1.1349244464367276,0.5961538461538461,NE.EXP.GNFS.ZS,RF,ARG
3.090638180578912,5.934111535487522,0.5208257650864997,0.7287405224220622,1.0183909197954635,0.5961538461538461,NE.EXP.GNFS.ZS,ARIMA,ARG
5.425823099218893,5.168606895563544,1.049765093158106,-0.10200675081324695,0.8119866706346328,0.38461538461538464,NY.GDP.MKTP.KD.ZG,XGB,ARG
5.203379940904905,5.168606895563544,1.0067277403842045,-0.013500743259086567,0.7896237391514026,0.3076923076923077,NY.GDP.MKTP.KD.ZG,RF,ARG
5.677948913119415,5.168606895563544,1.0985453194347328,-0.20680181885195914,0.8848055623508876,0.46153846153846156,NY.GDP.MKTP.KD.ZG,ARIMA,ARG
10324.199975946613,48065.84737606696,0.21479284231005275,0.9538640348923688,1.2164458009246912,0.6538461538461539,EN.ATM.GHGT.KT.CE,XGB,ARG
12857.718101714445,48065.84737606696,0.2675021622133429,0.9284425932111864,1.6251086647934676,0.6538461538461539,EN.ATM.GHGT.KT.CE,RF,ARG
8931.0636860768,48065.84737606696,0.18580893032427373,0.9654750414117492,1.1065292836524259,0.6153846153846154,EN.ATM.GHGT.KT.CE,ARIMA,ARG
0.9495052755401324,3.832387154573188,0.24775818236607117,0.9386158830706606,3.16686238720745,0.8269230769230769,SP.DYN.LE00.IN,XGB,AUS
0.7610644955717017,3.832387154573188,0.19858758128429782,0.9605629725596524,3.0181624130423113,0.9615384615384616,SP.DYN.LE00.IN,RF,AUS
0.14074120742731028,3.832387154573188,0.036724162186840596,0.9986513359116747,0.4115662758503654,0.9038461538461539,SP.DYN.LE00.IN,ARIMA,AUS
0.22262706110994324,0.6303657066912066,0.3531712762080825,0.8752700496615543,1.5937880907236768,0.8461538461538461,SP.URB.TOTL.IN.ZS,XGB,AUS
0.32821924383924594,0.6303657066912066,0.5206806784621434,0.7288916310762021,2.6213885780454014,0.8269230769230769,SP.URB.TOTL.IN.ZS,RF,AUS
0.05071596414270034,0.6303657066912066,0.0804548274190053,0.9935270207449781,0.24403631383862806,0.9423076923076923,SP.URB.TOTL.IN.ZS,ARIMA,AUS
0.270802995063252,0.7923137031368552,0.34178759497799144,0.8831812399191604,1.0743401274156898,0.6730769230769231,NV.AGR.TOTL.ZS,XGB,AUS
0.2709670286844704,0.7923137031368552,0.34199462613316267,0.8830396756960384,1.0880907618483413,0.6346153846153846,NV.AGR.TOTL.ZS,RF,AUS
0.318306289123396,0.7923137031368552,0.4017427539914899,0.8386027596153331,1.185128301580766,0.5192307692307693,NV.AGR.TOTL.ZS,ARIMA,AUS
143.6145983110111,608.3081877173088,0.2360885505255623,0.944262196310739,1.1840451210832998,0.4807692307692308,EG.USE.PCAP.KG.OE,XGB,AUS
176.77835489844017,608.3081877173088,0.290606568295267,0.9155478224636484,1.5113407169008273,0.5,EG.USE.PCAP.KG.OE,RF,AUS
133.49691683210358,608.3081877173088,0.21945605784635908,0.9518390386745355,1.09793266839022,0.4230769230769231,EG.USE.PCAP.KG.OE,ARIMA,AUS
4.5155016388178515,41.39455707548948,0.10908442939933201,0.9881005872626222,1.2063427994279194,0.6538461538461539,FS.AST.PRVT.GD.ZS,XGB,AUS
8.109726030172906,41.39455707548948,0.19591285915642354,0.9616181516171554,2.2193470700880042,0.7115384615384616,FS.AST.PRVT.GD.ZS,RF,AUS
3.2346063893697727,41.39455707548948,0.07814086241993022,0.9938940056202695,0.8639140171838059,0.6730769230769231,FS.AST.PRVT.GD.ZS,ARIMA,AUS
1.0248754226314705,3.26246257424138,0.314141664251822,0.9013150147810955,1.0658527076601745,0.5576923076923077,NE.IMP.GNFS.ZS,XGB,AUS
1.0761179851456626,3.26246257424138,0.32984837700272845,0.8912000481886659,1.1404526639484471,0.5192307692307693,NE.IMP.GNFS.ZS,RF,AUS
1.0649761333171817,3.26246257424138,0.32643321082842475,0.8934413588682453,1.1618865525842426,0.5192307692307693,NE.IMP.GNFS.ZS,ARIMA,AUS
80676370422.26799,481438756876.9418,0.1675734852457865,0.9719191270425802,1.0056970872782232,0.75,NY.GDP.MKTP.CD,XGB,AUS
135694187419.44484,481438756876.9418,0.2818513995418299,0.9205597885763117,1.6027966050786395,0.6346153846153846,NY.GDP.MKTP.CD,RF,AUS
82369286423.14436,481438756876.9418,0.171089853582765,0.970728262001028,0.928064605176002,0.7115384615384616,NY.GDP.MKTP.CD,ARIMA,AUS
1.308038200003736,3.2492237250298803,0.40256944756603585,0.8379378398863767,1.0537174558521039,0.46153846153846156,NE.EXP.GNFS.ZS,XGB,AUS
1.2468021494227322,3.2492237250298803,0.3837230843226304,0.8527565945579274,0.9703312357883125,0.4807692307692308,NE.EXP.GNFS.ZS,RF,AUS
1.3726187794241174,3.2492237250298803,0.4224451424659884,0.8215401016068908,1.1051412885975114,0.5384615384615384,NE.EXP.GNFS.ZS,ARIMA,AUS
1.7794753180460743,1.6239204390346433,1.0957897168311412,-0.2007551035128725,0.9412054152715307,0.38461538461538464,NY.GDP.MKTP.KD.ZG,XGB,AUS
1.6563669651690112,1.6239204390346433,1.0199803668667757,-0.040359948793682765,0.9411573381767413,0.34615384615384615,NY.GDP.MKTP.KD.ZG,RF,AUS
1.9425090787666248,1.6239204390346433,1.1961848820139058,-0.4308582719586216,1.0279307656855237,0.34615384615384615,NY.GDP.MKTP.KD.ZG,ARIMA,AUS
32223.02080207577,106782.13101430099,0.30176416686945723,0.9089383875935824,0.9447983052005827,0.4423076923076923,EN.ATM.GHGT.KT.CE,XGB,AUS
32142.907280386942,106782.13101430099,0.3010139147352486,0.9093906231357605,1.0128184560757016,0.4230769230769231,EN.ATM.GHGT.KT.CE,RF,AUS
36124.64781646125,106782.13101430099,0.33830236832062466,0.8855515075886564,1.1170872497773803,0.36538461538461536,EN.ATM.GHGT.KT.CE,ARIMA,AUS
0.44775878998949653,5.511563670500744,0.08123988340840779,0.9934000813437883,1.2521682897463888,1.0,SP.DYN.LE00.IN,XGB,BRA
1.210649724487589,5.511563670500744,0.21965630751347148,0.9517511065695472,3.328632770735858,0.8846153846153846,SP.DYN.LE00.IN,RF,BRA
0.008233907192832849,5.562527821484842,0.0014802455748679595,0.9999978088730381,0.018798755642720842,1.0,SP.DYN.LE00.IN,ARIMA,BRA
0.8852096079007445,10.368313203592436,0.08537643399835136,0.9927108645177252,1.2583187452391944,1.0,SP.URB.TOTL.IN.ZS,XGB,BRA
2.4983653712113347,10.368313203592436,0.2409616031222606,0.9419375058207502,3.5358722796943516,0.9423076923076923,SP.URB.TOTL.IN.ZS,RF,BRA
0.04835819132495639,10.368313203592436,0.004664036509641813,0.9999782467634367,0.028596051667745995,0.9807692307692307,SP.URB.TOTL.IN.ZS,ARIMA,BRA
0.9855714103073432,2.897218614951581,0.3401784750453891,0.8842786051157936,1.1808166380950254,0.5384615384615384,NV.AGR.TOTL.ZS,XGB,BRA
1.1019758086893314,2.897218614951581,0.38035645739758855,0.8553289653159565,1.440399181816334,0.5192307692307693,NV.AGR.TOTL.ZS,RF,BRA
1.3099625225367537,2.897218614951581,0.45214486603685106,0.795565020116518,1.4504105723303582,0.5192307692307693,NV.AGR.TOTL.ZS,ARIMA,BRA
41.593785616606596,235.74384445102936,0.17643635919090475,0.968870211155458,1.3656114082265092,0.6346153846153846,EG.USE.PCAP.KG.OE,XGB,BRA
57.92049050719643,235.74384445102936,0.24569248305114558,0.9396352037721625,2.144874860819615,0.7115384615384616,EG.USE.PCAP.KG.OE,RF,BRA
35.6394866477229,235.74384445102936,0.15117886420625598,0.9771449510173065,1.0256532109207752,0.5769230769230769,EG.USE.PCAP.KG.OE,ARIMA,BRA
20.863398849572683,22.646002555225305,0.9212839572323855,0.15123587014623596,1.4192795495113302,0.6538461538461539,FS.AST.PRVT.GD.ZS,XGB,BRA
19.980664186558815,22.646002555225305,0.8823042449912869,0.22153921927035514,1.4420761724060736,0.6346153846153846,FS.AST.PRVT.GD.ZS,RF,BRA
20.776726234408777,22.646002555225305,0.9174566762386409,0.1582732472251458,1.0961192800598212,0.6346153846153846,FS.AST.PRVT.GD.ZS,ARIMA,BRA
1.61300886483061,2.669581590886155,0.6042178558382924,0.6349207826861766,1.3054058323147675,0.5961538461538461,NE.IMP.GNFS.ZS,XGB,BRA
1.5398684423505264,2.669581590886155,0.57682014575152,0.6672785194551953,1.241581264265202,0.5576923076923077,NE.IMP.GNFS.ZS,RF,BRA
1.539196257421045,2.669581590886155,0.576568351638249,0.6675689358891523,1.1833582514184855,0.5384615384615384,NE.IMP.GNFS.ZS,ARIMA,BRA
197554229215.84048,772430019248.7285,0.25575679905343823,0.9345884597379392,1.2112096814416426,0.6538461538461539,NY.GDP.MKTP.CD,XGB,BRA
244737093724.85742,772430019248.7285,0.3168404743809551,0.8996121137940514,1.5141543843731753,0.6730769230769231,NY.GDP.MKTP.CD,RF,BRA
178109531231.36438,772430019248.7285,0.23058338851795934,0.9468313009395758,1.0745070699413364,0.7115384615384616,NY.GDP.MKTP.CD,ARIMA,BRA
1.63789958118598,2.840020601365027,0.5767210211076428,0.667392863812558,1.1868260445349517,0.4423076923076923,NE.EXP.GNFS.ZS,XGB,BRA
1.6468059481642632,2.840020601365027,0.579857043069597,0.6637658096025836,1.1732189080447415,0.4423076923076923,NE.EXP.GNFS.ZS,RF,BRA
1.7853602723017274,2.840020601365027,0.6286434230243302,0.6048074466882531,1.1941389684810948,0.4807692307692308,NE.EXP.GNFS.ZS,ARIMA,BRA
3.7469236077505594,4.168959995740783,0.8987669854300839,0.19221790590091925,0.9075957325099019,0.38461538461538464,NY.GDP.MKTP.KD.ZG,XGB,BRA
3.449696253834881,4.168959995740783,0.8274716613638082,0.3152906496398191,0.8299501606186802,0.3269230769230769,NY.GDP.MKTP.KD.ZG,RF,BRA
3.7578471621559393,4.168959995740783,0.9013871963259764,0.1875011222995957,0.9347452064440799,0.3076923076923077,NY.GDP.MKTP.KD.ZG,ARIMA,BRA
154048.70619285892,273603.05744796473,0.5630372249117016,0.68298908336373,0.9452308048117712,0.5,EN.ATM.GHGT.KT.CE,XGB,BRA
167680.82754431895,273603.05744796473,0.6128616730688742,0.6244005696832204,1.215608368598086,0.4807692307692308,EN.ATM.GHGT.KT.CE,RF,BRA
169147.3035871125,273603.05744796473,0.6182215402299801,0.6178021271956711,1.2797647794448042,0.4423076923076923,EN.ATM.GHGT.KT.CE,ARIMA,BRA
0.5668490953269003,3.1050703338683037,0.1825559598905183,0.9666733215084515,1.966828712992014,0.8269230769230769,SP.DYN.LE00.IN,XGB,CAN
0.59535782746486,3.1050703338683037,0.1917373081604763,0.9632368046593746,2.8008226837134904,0.8461538461538461,SP.DYN.LE00.IN,RF,CAN
0.14727380906276488,3.1050703338683037,0.04743010406443542,0.9977503852284368,0.5853550589399799,0.8846153846153846,SP.DYN.LE00.IN,ARIMA,CAN
0.26950780661455265,2.2976501937758815,0.11729714442373516,0.9862413799100375,1.3477331287233734,0.8653846153846154,SP.URB.TOTL.IN.ZS,XGB,CAN
0.538541537088649,2.2976501937758815,0.23438795798747236,0.9450622851504629,2.661465887476054,0.8653846153846154,SP.URB.TOTL.IN.ZS,RF,CAN
0.11892810919254944,2.2976501937758815,0.051760755190113146,0.9973208242221492,0.5146785029633567,0.9038461538461539,SP.URB.TOTL.IN.ZS,ARIMA,CAN
0.10060590781559202,0.18481119165104593,0.5443712954654424,0.703659892673276,1.09197104881166,0.75,NV.AGR.TOTL.ZS,XGB,CAN
0.09719100933811926,0.18481119165104593,0.5258935266303133,0.723435998648332,1.0813985683275351,0.6153846153846154,NV.AGR.TOTL.ZS,RF,CAN
0.12100708617095929,0.18481119165104593,0.6547605969634169,0.5712885606641099,1.170848554046609,0.6730769230769231,NV.AGR.TOTL.ZS,ARIMA,CAN
215.9726447543506,608.1873608571327,0.3551087356533935,0.8738977858626482,1.2378090454824706,0.6153846153846154,EG.USE.PCAP.KG.OE,XGB,CAN
250.75916842666362,608.1873608571327,0.4123057869424692,0.8300039380537512,1.461288194603195,0.5961538461538461,EG.USE.PCAP.KG.OE,RF,CAN
196.45056441837986,608.1873608571327,0.3230099424320779,0.8956645770900257,1.0491116819819815,0.6730769230769231,EG.USE.PCAP.KG.OE,ARIMA,CAN
7.71120601120134,33.13043125830312,0.23275296210545898,0.9458260586311348,1.1914007866217833,0.5192307692307693,FS.AST.PRVT.GD.ZS,XGB,CAN
9.34620849041658,33.13043125830312,0.28210343588794184,0.9204176514602178,1.6347724239436567,0.5576923076923077,FS.AST.PRVT.GD.ZS,RF,CAN
7.74501407844953,33.13043125830312,0.23377341568738202,0.9453499901178545,1.0402818708704336,0.5192307692307693,FS.AST.PRVT.GD.ZS,ARIMA,CAN
1.775290978951295,5.53825102812204,0.32055083273343005,0.8972471636339046,1.2973801764735633,0.6153846153846154,NE.IMP.GNFS.ZS,XGB,CAN
1.8590855710996428,5.53825102812204,0.33568098695050275,0.8873182749999364,1.3799590662466945,0.5,NE.IMP.GNFS.ZS,RF,CAN
1.508777702126478,5.53825102812204,0.2724285509026643,0.9257826846530745,1.1450751494957805,0.5576923076923077,NE.IMP.GNFS.ZS,ARIMA,CAN
85250458602.11086,581286490875.2269,0.1466582484546503,0.978491358160214,1.1286368405742104,0.75,NY.GDP.MKTP.CD,XGB,CAN
137581335475.615,581286490875.2269,0.23668421275103538,0.9439805834344226,1.8219064202240196,0.7692307692307693,NY.GDP.MKTP.CD,RF,CAN
84278637702.51752,581286490875.2269,0.14498640347829433,0.9789789428064293,0.8113081253602432,0.75,NY.GDP.MKTP.CD,ARIMA,CAN
1.929239571779686,6.27632445803065,0.30738365817133556,0.9055152866892076,1.1313918604675381,0.5576923076923077,NE.EXP.GNFS.ZS,XGB,CAN
2.3230002382512263,6.27632445803065,0.37012112005760206,0.8630103564873062,1.3918945205321331,0.5961538461538461,NE.EXP.GNFS.ZS,RF,CAN
1.7150806821841609,6.27632445803065,0.2732619534972718,0.9253279047708549,1.0426895328178634,0.5961538461538461,NE.EXP.GNFS.ZS,ARIMA,CAN
1.773253186812521,1.4605021039744672,1.214139426425312,-0.4741345468003857,1.1787006117334433,0.7884615384615384,NY.GDP.MKTP.KD.ZG,XGB,CAN
1.4735941530324819,1.4605021039744672,1.008964074082733,-0.018008502789627068,1.0176792467318145,0.6730769230769231,NY.GDP.MKTP.KD.ZG,RF,CAN
1.8032723960172665,1.4605021039744672,1.2346934599477932,-0.5244679400378527,1.3881931845708055,0.7307692307692307,NY.GDP.MKTP.KD.ZG,ARIMA,CAN
50657.23228554425,77673.81604967653,0.6521790078286646,0.5746625417476185,1.215857530700759,0.5384615384615384,EN.ATM.GHGT.KT.CE,XGB,CAN
49095.61484966755,77673.81604967653,0.6320741962551228,0.6004822104284404,1.240955779604387,0.5,EN.ATM.GHGT.KT.CE,RF,CAN
57400.05525613111,77673.81604967653,0.7389884799714324,0.45389602646951177,1.3704231910591922,0.4423076923076923,EN.ATM.GHGT.KT.CE,ARIMA,CAN
2.433503471032131,5.415638614353951,0.4493474628425574,0.7980868576369565,2.928440256047274,0.9230769230769231,SP.DYN.LE00.IN,XGB,CHN
2.2706127067151387,5.415638614353951,0.4192696131342596,0.8242129915022484,3.37847395997366,0.9615384615384616,SP.DYN.LE00.IN,RF,CHN
0.12397073465919928,5.415638614353951,0.022891249488217216,0.9994759906968682,0.2340440258676355,1.0,SP.DYN.LE00.IN,ARIMA,CHN
1.0960263965639239,13.860955359476277,0.07907293315208658,0.9937474712427257,1.168826993225408,0.9423076923076923,SP.URB.TOTL.IN.ZS,XGB,CHN
1.9638824606981327,13.860955359476277,0.14168449502692404,0.9799255038689655,1.998205560050492,0.9230769230769231,SP.URB.TOTL.IN.ZS,RF,CHN
0.1673955908732308,13.860955359476277,0.012076771516242419,0.9998541515897444,0.13977533846759155,0.9423076923076923,SP.URB.TOTL.IN.ZS,ARIMA,CHN
1.637581913074849,10.22115763814509,0.16021491606424662,0.9743311806705264,1.1550473310489222,0.6730769230769231,NV.AGR.TOTL.ZS,XGB,CHN
1.9108582863765449,10.22115763814509,0.18695125875422097,0.9650492268502123,1.4842426122709442,0.6730769230769231,NV.AGR.TOTL.ZS,RF,CHN
1.7874643845350973,10.22115763814509,0.17487885891362515,0.9694173847050684,1.2205713527905075,0.6923076923076923,NV.AGR.TOTL.ZS,ARIMA,CHN
62.12224568025994,622.2764174800895,0.09983062821474768,0.9900338456702489,1.1002939847382665,0.75,EG.USE.PCAP.KG.OE,XGB,CHN
113.39122959464343,622.2764174800895,0.18222003342794446,0.9667958594175188,2.066846794468861,0.75,EG.USE.PCAP.KG.OE,RF,CHN
32.131453335155605,622.2764174800895,0.05163533830395186,0.9973337918382364,0.6137161097887439,0.7115384615384616,EG.USE.PCAP.KG.OE,ARIMA,CHN
6.318813539367595,34.97290277767516,0.18067741129573006,0.9673556730474736,1.048270109190351,0.8076923076923077,FS.AST.PRVT.GD.ZS,XGB,CHN
6.785065687987716,34.97290277767516,0.19400922282947988,0.9623604214571012,1.2350998826913389,0.7692307692307693,FS.AST.PRVT.GD.ZS,RF,CHN
6.128538193903123,35.30116460645376,0.17360725240160216,0.9698605219135664,0.9808246840338011,0.7058823529411765,FS.AST.PRVT.GD.ZS,ARIMA,CHN
2.2019650427933257,7.837387736147127,0.28095650195250077,0.9210634440106145,1.1494416840762154,0.6538461538461539,NE.IMP.GNFS.ZS,XGB,CHN
2.1686035439535116,7.837387736147127,0.27669979040996134,0.9234372259870834,1.0984786199788548,0.6346153846153846,NE.IMP.GNFS.ZS,RF,CHN
2.007548306701652,7.837387736147127,0.2561501834906749,0.9343870834976936,1.048891515540521,0.5576923076923077,NE.IMP.GNFS.ZS,ARIMA,CHN
527443656024.5046,4064438934378.589,0.12977034826705924,0.9831596567106462,1.0664450221142592,0.8653846153846154,NY.GDP.MKTP.CD,XGB,CHN
856282816375.6543,4064438934378.589,0.21067675765353114,0.9556153037845954,1.7351406547551327,0.8846153846153846,NY.GDP.MKTP.CD,RF,CHN
280545645505.5559,4064438934378.589,0.06902444594076512,0.9952356258625704,0.5143983675942154,0.8269230769230769,NY.GDP.MKTP.CD,ARIMA,CHN
2.0341125148257078,9.511597014072933,0.21385604455446608,0.9542655922075182,0.9968957210069121,0.5961538461538461,NE.EXP.GNFS.ZS,XGB,CHN
2.5029051796695163,9.511597014072933,0.26314247501931903,0.930756037840707,1.2655660230920316,0.6538461538461539,NE.EXP.GNFS.ZS,RF,CHN
2.1746479747763137,9.511597014072933,0.22863121424917413,0.9477277678709483,1.0621725317761808,0.5769230769230769,NE.EXP.GNFS.ZS,ARIMA,CHN
5.1983634283168705,4.451673335887936,1.1677324538638905,-0.36359908380698314,1.2025746595988642,0.5961538461538461,NY.GDP.MKTP.KD.ZG,XGB,CHN
4.5648070565826595,4.451673335887936,1.0254137516746067,-0.05147336212339204,1.0982922465494662,0.5384615384615384,NY.GDP.MKTP.KD.ZG,RF,CHN
4.864880223078606,4.451673335887936,1.0928205768962271,-0.19425681328780264,1.1583108321109319,0.5769230769230769,NY.GDP.MKTP.KD.ZG,ARIMA,CHN
358644.44604070357,3527446.7149458085,0.10167253399495033,0.9896626958310457,1.1127144406101845,0.7692307692307693,EN.ATM.GHGT.KT.CE,XGB,CHN
683460.6965986161,3527446.7149458085,0.19375507323832558,0.9624589715944111,2.0875578023712738,0.8076923076923077,EN.ATM.GHGT.KT.CE,RF,CHN
235643.38246670717,3527446.7149458085,0.06680281844323403,0.9955373834480403,0.7753480505528275,0.75,EN.ATM.GHGT.KT.CE,ARIMA,CHN
0.7089984206311482,3.566493477979678,0.19879425688247063,0.9604808434305463,2.1255184765695847,0.7884615384615384,SP.DYN.LE00.IN,XGB,DEU
0.76978199349527,3.566493477979678,0.21583720767977702,0.9534142997809968,2.7914772466292774,0.8653846153846154,SP.DYN.LE00.IN,RF,DEU
0.23460892607426903,3.566493477979678,0.06578139775743222,0.9956728077090785,0.5945119803416317,0.8269230769230769,SP.DYN.LE00.IN,ARIMA,DEU
0.17226384473294667,1.8539968136755955,0.09291485479493854,0.9913668297584355,1.167944783312748,0.9230769230769231,SP.URB.TOTL.IN.ZS,XGB,DEU
0.3476952263334875,1.8539968136755955,0.18753820058847506,0.9648294233200368,2.2955819973902845,0.8846153846153846,SP.URB.TOTL.IN.ZS,RF,DEU
0.07693585372689793,1.8539968136755955,0.041497295550562814,0.9982779744619893,0.4141298220971146,0.9230769230769231,SP.URB.TOTL.IN.ZS,ARIMA,DEU
0.07680410384167978,0.14395531256534477,0.5335274014761807,0.7153485118740743,1.0235443190418303,0.6730769230769231,NV.AGR.TOTL.ZS,XGB,DEU
0.06937058837946093,0.14395531256534477,0.4818897416375096,0.7677822769045344,0.9525630950558804,0.6538461538461539,NV.AGR.TOTL.ZS,RF,DEU
0.0821244671000796,0.14395531256534477,0.5704858378380536,0.674545908826214,1.0620042009262234,0.5576923076923077,NV.AGR.TOTL.ZS,ARIMA,DEU
198.58257637360202,443.0670803400797,0.4481997990488898,0.7991169401325349,1.0533560949413414,0.46153846153846156,EG.USE.PCAP.KG.OE,XGB,DEU
221.34224211531964,443.0670803400797,0.49956824132685873,0.7504315722575894,1.1857008227814871,0.46153846153846156,EG.USE.PCAP.KG.OE,RF,DEU
210.68927121203026,443.0670803400797,0.4755245437108846,0.773876408328555,1.1391708416925415,0.46153846153846156,EG.USE.PCAP.KG.OE,ARIMA,DEU
2.180595122806123,12.303517891680956,0.1772334662333068,0.9685882984469273,1.2663767304525748,0.9230769230769231,FS.AST.PRVT.GD.ZS,XGB,DEU
3.052538104063575,12.303517891680956,0.24810287032845732,0.9384449657347806,1.8485160936157914,0.6923076923076923,FS.AST.PRVT.GD.ZS,RF,DEU
2.0666674903552216,12.303517891680956,0.1679737054515605,0.9717848342768725,0.9811120061297258,0.6346153846153846,FS.AST.PRVT.GD.ZS,ARIMA,DEU
1.9158760773813703,8.096005617275909,0.23664460821187175,0.9439993294042497,1.1430652825258658,0.6730769230769231,NE.IMP.GNFS.ZS,XGB,DEU
2.10623823978237,8.096005617275909,0.2601577048424854,0.9323179686110903,1.342271165299743,0.5384615384615384,NE.IMP.GNFS.ZS,RF,DEU
1.8553198801038973,8.096005617275909,0.22916484595130052,0.9474834733801167,1.1111163465095457,0.5769230769230769,NE.IMP.GNFS.ZS,ARIMA,DEU
271473462129.1752,1242840136491.2,0.2184299123905043,0.9522883733730766,1.2844093693188858,0.6923076923076923,NY.GDP.MKTP.CD,XGB,DEU
320416878148.1802,1242840136491.2,0.2578102112575674,0.9335338949713284,1.532291511194757,0.6538461538461539,NY.GDP.MKTP.CD,RF,DEU
209940548513.86093,1242840136491.2,0.1689199940923757,0.9714660355958318,1.057411432191522,0.5769230769230769,NY.GDP.MKTP.CD,ARIMA,DEU
1.8675838324327305,11.329860728755763,0.16483731593387618,0.9728286592757155,1.1109443699915724,0.6538461538461539,NE.EXP.GNFS.ZS,XGB,DEU
2.4104261470057007,11.329860728755763,0.21274984792071772,0.9547375022097115,1.4869403156254557,0.6153846153846154,NE.EXP.GNFS.ZS,RF,DEU
1.9260117636313983,11.329860728755763,0.16999430176075178,0.9711019373688745,1.0673177399588096,0.5961538461538461,NE.EXP.GNFS.ZS,ARIMA,DEU
2.69930782101154,1.8866801390191181,1.4307183105319092,-1.0469548840912806,1.1384145203064875,0.5192307692307693,NY.GDP.MKTP.KD.ZG,XGB,DEU
2.20415657828309,1.8866801390191181,1.1682725294543184,-0.3648607030775912,0.9932779835329124,0.5384615384615384,NY.GDP.MKTP.KD.ZG,RF,DEU
2.09810037766425,1.8866801390191181,1.112059396965428,-0.2366761023791113,0.9777566627225125,0.5384615384615384,NY.GDP.MKTP.KD.ZG,ARIMA,DEU
40621.795389998595,193566.71604073484,0.2098594025919725,0.9559590311437404,1.167106105378366,0.4807692307692308,EN.ATM.GHGT.KT.CE,XGB,DEU
44922.1709175073,193566.71604073484,0.23207590559140198,0.9461407740439307,1.3741576321720845,0.5769230769230769,EN.ATM.GHGT.KT.CE,RF,DEU
40979.499517479686,193566.71604073484,0.21170736558270598,0.9551799913580304,1.153707870947787,0.4423076923076923,EN.ATM.GHGT.KT.CE,ARIMA,DEU
0.29559192359127834,3.3479092789623484,0.08829149745745027,0.992204611476721,1.2171681389909956,0.8846153846153846,SP.DYN.LE00.IN,XGB,EUU
0.6012706256343965,3.3479092789623484,0.17959585386995744,0.9677453292727209,2.5514590192711086,0.8653846153846154,SP.DYN.LE00.IN,RF,EUU
0.22559407961173378,3.3479092789623484,0.06738357010726839,0.9954594544795988,0.7876887674527684,0.7115384615384616,SP.DYN.LE00.IN,ARIMA,EUU
0.3598932446219723,3.191780353451983,0.11275626915640971,0.9872860237659273,1.397459707280294,0.9807692307692307,SP.URB.TOTL.IN.ZS,XGB,EUU
0.6444246545918252,3.191780353451983,0.20190131626534555,0.9592358584903209,2.6594637792526186,0.9038461538461539,SP.URB.TOTL.IN.ZS,RF,EUU
0.026602721757325677,3.191780353451983,0.008334759542132725,0.9999305317833749,0.08481080073019025,1.0,SP.URB.TOTL.IN.ZS,ARIMA,EUU
0.11762648636115311,0.4821576989283753,0.24395853601961578,0.9404842327031658,1.1918409473740146,0.7884615384615384,NV.AGR.TOTL.ZS,XGB,EUU
0.1314248447248051,0.4821576989283753,0.27257647242158484,0.925702066682205,1.507477929888456,0.7115384615384616,NV.AGR.TOTL.ZS,RF,EUU
0.11735194750426448,0.4821576989283753,0.24338913962192513,0.9407617267140991,1.2867345786378397,0.6538461538461539,NV.AGR.TOTL.ZS,ARIMA,EUU
133.06845309936236,327.9621868140632,0.40574327910188307,0.8353723914636515,1.2208113959706404,0.6730769230769231,EG.USE.PCAP.KG.OE,XGB,EUU
129.88934652837855,327.9621868140632,0.39604976351136106,0.8431445848225949,1.3232659009002672,0.5961538461538461,EG.USE.PCAP.KG.OE,RF,EUU
110.32918564572992,327.9621868140632,0.33640825095571336,0.8868294886889178,1.0681727474147535,0.4807692307692308,EG.USE.PCAP.KG.OE,ARIMA,EUU
2.0268023158902935,5.100262694253791,0.39739174967865665,0.842079797287336,1.4558761971486036,0.9230769230769231,FS.AST.PRVT.GD.ZS,XGB,EUU
2.622459555698729,5.100262694253791,0.5141812712222298,0.7356176203242919,1.876649786188813,0.7884615384615384,FS.AST.PRVT.GD.ZS,RF,EUU
1.1300008681050606,5.100262694253791,0.2215573855398028,0.9509123249127672,0.6224842504797979,0.5961538461538461,FS.AST.PRVT.GD.ZS,ARIMA,EUU
1.9344652093584496,7.357924614072286,0.2629090824957241,0.9308788143412565,1.1820474639742162,0.5384615384615384,NE.IMP.GNFS.ZS,XGB,EUU
2.0713510051498125,7.357924614072286,0.2815129420038202,0.9207504634843537,1.3098643173070192,0.5576923076923077,NE.IMP.GNFS.ZS,RF,EUU
2.1524972508401397,7.357924614072286,0.2925413569369023,0.9144195544815159,1.2009529628115805,0.5192307692307693,NE.IMP.GNFS.ZS,ARIMA,EUU
881553513333.0184,5272610642854.564,0.16719488182342815,0.9720458714920499,1.119164645243946,0.7115384615384616,NY.GDP.MKTP.CD,XGB,EUU
1179135020270.354,5272610642854.564,0.22363400223157315,0.9499878330458887,1.4735016753002828,0.7115384615384616,NY.GDP.MKTP.CD,RF,EUU
820237629224.1292,5272610642854.564,0.15556575002095294,0.9757992974204184,0.9945169259754519,0.6346153846153846,NY.GDP.MKTP.CD,ARIMA,EUU
1.709251346921779,8.796101847372254,0.19431918554153627,0.962240054130474,1.2434574709782074,0.6346153846153846,NE.EXP.GNFS.ZS,XGB,EUU
2.0268217729537503,8.796101847372254,0.2304227268081534,0.9469053669702951,1.571088598135501,0.6346153846153846,NE.EXP.GNFS.ZS,RF,EUU
1.6675839637004222,8.796101847372254,0.18958215725964972,0.9640586056487774,1.1244158225151752,0.5769230769230769,NE.EXP.GNFS.ZS,ARIMA,EUU
1.830100326455509,1.654182197344229,1.1063474926726418,-0.22400477454304113,0.9844638151565444,0.4423076923076923,NY.GDP.MKTP.KD.ZG,XGB,EUU
1.6981966216810267,1.654182197344229,1.0266079664062775,-0.05392391668883256,0.9863433864909033,0.5384615384615384,NY.GDP.MKTP.KD.ZG,RF,EUU
1.8683560629082838,1.654182197344229,1.1294741691138428,-0.27571189869540524,1.0169201358298412,0.4807692307692308,NY.GDP.MKTP.KD.ZG,ARIMA,EUU
167652.04254817017,559500.5209923969,0.29964590962453885,0.9102123288452827,1.2692145676831446,0.5576923076923077,EN.ATM.GHGT.KT.CE,XGB,EUU
186341.23097494297,559500.5209923969,0.3330492537244218,0.8890781945936057,1.5997945995891807,0.6730769230769231,EN.ATM.GHGT.KT.CE,RF,EUU
143834.73071856916,559500.5209923969,0.2570770273161618,0.9339114020262854,1.1674268321203694,0.6346153846153846,EN.ATM.GHGT.KT.CE,ARIMA,EUU
0.3187067476760119,3.691364380073588,0.08633846861513532,0.9925456688371933,1.093255268722423,0.8269230769230769,SP.DYN.LE00.IN,XGB,FRA
0.6416762247365231,3.691364380073588,0.17383172146330653,0.9697825326131034,2.3069839093550653,0.8461538461538461,SP.DYN.LE00.IN,RF,FRA
0.2812829763678338,3.691364380073588,0.07620027377579733,0.9941935182764935,0.6570841126534317,0.75,SP.DYN.LE00.IN,ARIMA,FRA
0.375679933884555,2.8144320499200095,0.1334833910434016,0.9821821843155544,1.4169446721579688,0.9807692307692307,SP.URB.TOTL.IN.ZS,XGB,FRA
0.7201065481998703,2.8144320499200095,0.2558621190447063,0.9345345760379525,2.8175750262606947,0.9038461538461539,SP.URB.TOTL.IN.ZS,RF,FRA
0.10105498710873317,2.8144320499200095,0.03590599641999007,0.9987107594210877,0.32627732444993823,0.9615384615384616,SP.URB.TOTL.IN.ZS,ARIMA,FRA
0.36163710826127504,1.7436739726552435,0.20739949895024176,0.9569854478351887,1.187671738541314,0.6346153846153846,NV.AGR.TOTL.ZS,XGB,FRA
0.44682353276789744,1.7436739726552435,0.25625405882928937,0.9343338573335151,1.5703378143523576,0.6153846153846154,NV.AGR.TOTL.ZS,RF,FRA
0.38054094494784285,1.7436739726552435,0.21824088156133922,0.9523709176153294,1.2431130739771181,0.5769230769230769,NV.AGR.TOTL.ZS,ARIMA,FRA
138.46977378963197,477.6433640281194,0.28990201522297315,0.9159568215696591,1.1087900226681007,0.46153846153846156,EG.USE.PCAP.KG.OE,XGB,FRA
157.89856459600375,477.6433640281194,0.33057836973677307,0.8907179414621773,1.2644886376810327,0.4807692307692308,EG.USE.PCAP.KG.OE,RF,FRA
138.29307332290762,477.6433640281194,0.28953207296054084,0.916171178727172,1.103000363871176,0.4230769230769231,EG.USE.PCAP.KG.OE,ARIMA,FRA
1.7760657841632357,8.93663348289105,0.19873991560283488,0.9605024459461781,1.0960794292503053,0.8846153846153846,FS.AST.PRVT.GD.ZS,XGB,FRA
2.5970143112375284,8.93663348289105,0.29060320267239825,0.915549778596545,1.6839356388958933,0.75,FS.AST.PRVT.GD.ZS,RF,FRA
1.0410590524676127,8.93663348289105,0.11649342612748893,0.9864292816690793,0.6347086682098457,0.6538461538461539,FS.AST.PRVT.GD.ZS,ARIMA,FRA
1.763144984759608,5.122754031938104,0.344179121965876,0.8815407320027986,1.2248463842537565,0.5961538461538461,NE.IMP.GNFS.ZS,XGB,FRA
1.7683444006359381,5.122754031938104,0.3451940869327501,0.8808410423466649,1.283345196042399,0.5961538461538461,NE.IMP.GNFS.ZS,RF,FRA
1.8000347646709551,5.122754031938104,0.3513802836225466,0.8765318962813387,1.1815219021879724,0.5576923076923077,NE.IMP.GNFS.ZS,ARIMA,FRA
188595550557.81445,930152776020.5856,0.20275760651349234,0.9588893530009198,1.2472185396928415,0.7115384615384616,NY.GDP.MKTP.CD,XGB,FRA
208407613476.43518,930152776020.5856,0.22405740094444745,0.9497982810820191,1.3465199509013037,0.75,NY.GDP.MKTP.CD,RF,FRA
147279888347.2387,930152776020.5856,0.158339460080243,0.9749286153814971,1.0137774330590406,0.6153846153846154,NY.GDP.MKTP.CD,ARIMA,FRA
1.3822918665116521,4.814707689121283,0.2870977753509123,0.9175748673885571,1.2072780193647392,0.5769230769230769,NE.EXP.GNFS.ZS,XGB,FRA
1.5111278453445147,4.814707689121283,0.31385661247075747,0.9014940268083808,1.3802836768265576,0.5961538461538461,NE.EXP.GNFS.ZS,RF,FRA
1.330548580932636,4.814707689121283,0.27635085385120656,0.9236302055757091,1.1335114985158918,0.5961538461538461,NE.EXP.GNFS.ZS,ARIMA,FRA
1.7728910618278955,1.8579312833590265,0.9542285431690544,0.08944788740146403,0.9822751967300449,0.5192307692307693,NY.GDP.MKTP.KD.ZG,XGB,FRA
1.5847576305091076,1.8579312833590265,0.8529689147835233,0.27244403041301846,0.9261389103993756,0.4230769230769231,NY.GDP.MKTP.KD.ZG,RF,FRA
1.8225362212667986,1.8579312833590265,0.9809492081815665,0.03773865096795792,1.0496581619416614,0.34615384615384615,NY.GDP.MKTP.KD.ZG,ARIMA,FRA
20457.883505934387,79964.13362525472,0.2558382437032153,0.9345467930588542,1.116074268114431,0.5384615384615384,EN.ATM.GHGT.KT.CE,XGB,FRA
23161.076342523585,79964.13362525472,0.28964330997527027,0.9161067529865695,1.2711139565191343,0.5576923076923077,EN.ATM.GHGT.KT.CE,RF,FRA
22523.071782264957,79964.13362525472,0.28166467591354727,0.9206650103425165,1.1848600167152055,0.4230769230769231,EN.ATM.GHGT.KT.CE,ARIMA,FRA
0.555210632532983,3.1392160192640537,0.1768628310781698,0.9687195389830148,2.0541874642042437,0.6346153846153846,SP.DYN.LE00.IN,XGB,GBR
0.6566779150059413,3.1392160192640537,0.20918532237863977,0.9562415009013445,2.662135298742182,0.7307692307692307,SP.DYN.LE00.IN,RF,GBR
0.3050738035973423,3.1392160192640537,0.09718152612793518,0.9905557509794455,1.1531997909485996,0.6730769230769231,SP.DYN.LE00.IN,ARIMA,GBR
0.2889653774345174,1.8130376297193103,0.1593818973736658,0.9745974107895703,1.5507185416311118,0.7884615384615384,SP.URB.TOTL.IN.ZS,XGB,GBR
0.4584550408606862,1.8130376297193103,0.2528657063403935,0.9360589345569739,2.314187792441198,0.8076923076923077,SP.URB.TOTL.IN.ZS,RF,GBR
0.0576317292222355,1.8130376297193103,0.03178738724311966,0.998989562012256,0.24764473008489818,0.9423076923076923,SP.URB.TOTL.IN.ZS,ARIMA,GBR
0.07054148987364299,0.3023886679671401,0.23328086448434165,0.9455800382654382,1.1027401881697678,0.6923076923076923,NV.AGR.TOTL.ZS,XGB,GBR
0.07496941137836147,0.3023886679671401,0.24792401078504778,0.9385336848762555,1.2085985130976524,0.7115384615384616,NV.AGR.TOTL.ZS,RF,GBR
0.07341332698203465,0.3023886679671401,0.24277803621269403,0.9410588251327079,1.2071305706184465,0.5576923076923077,NV.AGR.TOTL.ZS,ARIMA,GBR
142.84619295547753,332.12679285460183,0.43009536125564135,0.8150179802263794,1.4833396605738043,0.4807692307692308,EG.USE.PCAP.KG.OE,XGB,GBR
151.77274457618043,332.12679285460183,0.45697230046304443,0.791176316609513,1.7040945692949703,0.5384615384615384,EG.USE.PCAP.KG.OE,RF,GBR
116.49915314868666,332.12679285460183,0.3507671035732656,0.8769624390508219,1.1209911589960826,0.4423076923076923,EG.USE.PCAP.KG.OE,ARIMA,GBR
11.393898950955313,53.29709649264576,0.21378085675882005,0.9542977452834649,1.4862393759050032,0.7692307692307693,FS.AST.PRVT.GD.ZS,XGB,GBR
15.9065905128897,53.29709649264576,0.29845135213105994,0.910926790411142,2.2574227692763777,0.6730769230769231,FS.AST.PRVT.GD.ZS,RF,GBR
7.2527638217651615,53.29709649264576,0.13608178116730882,0.9814817488343327,0.8972664853813299,0.8269230769230769,FS.AST.PRVT.GD.ZS,ARIMA,GBR
2.2270774198212853,3.15763634352616,0.7052988937080349,0.5025534705342221,1.1843190425350412,0.4230769230769231,NE.IMP.GNFS.ZS,XGB,GBR
1.9091366795721474,3.15763634352616,0.6046094204249619,0.6344474487333918,1.0404913933801956,0.40384615384615385,NE.IMP.GNFS.ZS,RF,GBR
2.9342149643750233,3.15763634352616,0.9292441070330346,0.1365053895443782,1.2995049368499842,0.40384615384615385,NE.IMP.GNFS.ZS,ARIMA,GBR
171024099879.72086,1021208188845.3293,0.16747231538859497,0.971953023578383,1.1335451456417014,0.6346153846153846,NY.GDP.MKTP.CD,XGB,GBR
230702214009.98828,1021208188845.3293,0.22591104980350887,0.9489641975766765,1.5796523829404823,0.5961538461538461,NY.GDP.MKTP.CD,RF,GBR
153628166115.0522,1021208188845.3293,0.15043765589929134,0.9773685116875264,0.9999401496309598,0.6730769230769231,NY.GDP.MKTP.CD,ARIMA,GBR
1.6598393285420128,2.6992531165607097,0.6149254096840387,0.6218667405249171,1.1559150991653298,0.4807692307692308,NE.EXP.GNFS.ZS,XGB,GBR
1.6518965999321913,2.6992531165607097,0.6119828443643618,0.6254769982037054,1.1604098731633077,0.46153846153846156,NE.EXP.GNFS.ZS,RF,GBR
1.6965387628082689,2.6992531165607097,0.6285215537585216,0.6049606564609739,0.9961016667572228,0.5384615384615384,NE.EXP.GNFS.ZS,ARIMA,GBR
2.244276451917513,2.045781147733245,1.0970266562502071,-0.20346748452351004,0.9386587906329421,0.4423076923076923,NY.GDP.MKTP.KD.ZG,XGB,GBR
2.213516033644721,2.045781147733245,1.0819906303747733,-0.1707037242187992,0.9897333548798661,0.4423076923076923,NY.GDP.MKTP.KD.ZG,RF,GBR
2.235289618366856,2.045781147733245,1.0926337945989917,-0.1938486090997913,0.9795825343808988,0.5192307692307693,NY.GDP.MKTP.KD.ZG,ARIMA,GBR
25903.850185336065,116251.22847063093,0.22282646408231524,0.9503483669045727,1.1598842100706277,0.5384615384615384,EN.ATM.GHGT.KT.CE,XGB,GBR
31705.457801467473,116251.22847063093,0.2727322387778239,0.925617125931236,1.4122392075947219,0.6153846153846154,EN.ATM.GHGT.KT.CE,RF,GBR
27455.97075747509,115419.84872106812,0.23787910885091487,0.9434135295722946,1.2745328227029173,0.47058823529411764,EN.ATM.GHGT.KT.CE,ARIMA,GBR
0.5063368934071745,6.0583742811566434,0.08357636387405673,0.9930149914015912,1.2234192657518161,1.0,SP.DYN.LE00.IN,XGB,IDN
1.1743413604759836,6.0583742811566434,0.19383770397423886,0.9624269445179954,2.816113948667979,0.9038461538461539,SP.DYN.LE00.IN,RF,IDN
0.013654547247255108,6.0583742811566434,0.0022538302543843873,0.9999949202491845,0.025220365868527907,1.0,SP.DYN.LE00.IN,ARIMA,IDN
0.9498595816775557,13.040017222211455,0.07284189625605948,0.9946940581498215,1.174987534776968,1.0,SP.URB.TOTL.IN.ZS,XGB,IDN
2.3347862224498313,13.040017222211455,0.17904778672170152,0.96794189007006,2.759787933122797,0.9423076923076923,SP.URB.TOTL.IN.ZS,RF,IDN
0.0739199264825746,13.040017222211455,0.005668698531828973,0.9999678658569552,0.04649008425327602,1.0,SP.URB.TOTL.IN.ZS,ARIMA,IDN
0.9933024662151902,4.611078155618996,0.21541653224957066,0.9535957176335697,1.1847563776200674,0.6923076923076923,NV.AGR.TOTL.ZS,XGB,IDN
1.0343777410119566,4.611078155618996,0.22432448683427283,0.9496785246065401,1.2698300378953122,0.6923076923076923,NV.AGR.TOTL.ZS,RF,IDN
1.0333861696096038,4.611078155618996,0.2241094457161464,0.9497749563408017,1.0229856459950524,0.5384615384615384,NV.AGR.TOTL.ZS,ARIMA,IDN
24.079436807843198,218.36207847952716,0.11027297860283373,0.9878398701900589,1.0540155271303362,0.6538461538461539,EG.USE.PCAP.KG.OE,XGB,IDN
37.11940270313587,218.36207847952716,0.16999015104454618,0.9711033485478524,1.7583014030013862,0.6730769230769231,EG.USE.PCAP.KG.OE,RF,IDN
24.08136213864674,218.36207847952716,0.1102817957510169,0.987837925525931,1.035403624408731,0.5576923076923077,EG.USE.PCAP.KG.OE,ARIMA,IDN
0.8416744405290808,3.5888280382703597,0.2345262663893829,0.9449974303734562,1.0384528811945515,0.9038461538461539,FS.AST.PRVT.GD.ZS,XGB,IDN
1.1456615875099962,3.5888280382703597,0.3192300035813779,0.8980922048134334,1.4754293731230945,0.9230769230769231,FS.AST.PRVT.GD.ZS,RF,IDN
1.5412727666021349,3.5888280382703597,0.42946408971574834,0.8155605956446237,1.503859067563145,0.4807692307692308,FS.AST.PRVT.GD.ZS,ARIMA,IDN
4.515796728751444,4.7341952323153835,0.9538678713388999,0.09013608402739604,1.250544939334242,0.5576923076923077,NE.IMP.GNFS.ZS,XGB,IDN
3.6710482155582462,4.7341952323153835,0.7754323671528905,0.39870464397166505,1.0348507645430498,0.5384615384615384,NE.IMP.GNFS.ZS,RF,IDN
4.718516201183628,4.7341952323153835,0.9966881316966544,0.006612768135032865,1.3654658658373846,0.4807692307692308,NE.IMP.GNFS.ZS,ARIMA,IDN
52779134474.1847,335676175724.74384,0.15723229198566616,0.9752780063569342,1.0638221975120898,0.7307692307692307,NY.GDP.MKTP.CD,XGB,IDN
84009159336.62158,335676175724.74384,0.2502684593425228,0.9373656982583201,1.6600971771551642,0.7884615384615384,NY.GDP.MKTP.CD,RF,IDN
48077298446.62596,335676175724.74384,0.14322523289841574,0.9794865326611946,0.8893288087330665,0.7692307692307693,NY.GDP.MKTP.CD,ARIMA,IDN
6.007856773161402,7.592291371235967,0.7913100906430793,0.37382834044644153,1.2362905294763018,0.5384615384615384,NE.EXP.GNFS.ZS,XGB,IDN
5.018924335691994,7.592291371235967,0.6610552849310566,0.5630059102647196,1.010730382625916,0.5,NE.EXP.GNFS.ZS,RF,IDN
5.404732976854766,7.592291371235967,0.7118711219818368,0.49323950568832065,1.0859305666562233,0.5,NE.EXP.GNFS.ZS,ARIMA,IDN
4.615164397951501,3.198576186834433,1.4428808721042339,-1.0819052110842744,1.2708758303079406,0.46153846153846156,NY.GDP.MKTP.KD.ZG,XGB,IDN
3.852896809816696,3.198576186834433,1.2045662147037464,-0.4509797656057122,1.125481107738745,0.34615384615384615,NY.GDP.MKTP.KD.ZG,RF,IDN
3.4809881688447977,3.198576186834433,1.0882930296213649,-0.18438171832244898,0.8973978491682788,0.46153846153846156,NY.GDP.MKTP.KD.ZG,ARIMA,IDN
445953.77701739396,344502.7664208802,1.2944853292486211,-0.6756922676399109,1.5085621046522966,0.46153846153846156,EN.ATM.GHGT.KT.CE,XGB,IDN
366536.00517047016,344502.7664208802,1.063956638080148,-0.13200372771481073,1.1505987203231944,0.4230769230769231,EN.ATM.GHGT.KT.CE,RF,IDN
361490.4696199944,344502.7664208802,1.0493107889251614,-0.10105313175474451,1.037686182820908,0.5384615384615384,EN.ATM.GHGT.KT.CE,ARIMA,IDN
0.5585902255032007,6.926385728056659,0.0806467106272357,0.9934961080650069,1.1865019361145779,1.0,SP.DYN.LE00.IN,XGB,IND
1.1752828404212563,6.926385728056659,0.16968197939952245,0.97120802586706,2.3924123080472723,0.9615384615384616,SP.DYN.LE00.IN,RF,IND
0.019121594317529165,7.0491993950728595,0.0027125909264099526,0.999992641850466,0.0301343518678482,1.0,SP.DYN.LE00.IN,ARIMA,IND
0.35354842929278585,4.270657425401928,0.08278548103387433,0.99314656412999,1.1641797985317168,1.0,SP.URB.TOTL.IN.ZS,XGB,IND
0.6711314736773911,4.270657425401928,0.1571494519053418,0.9753040497658507,2.1778817268078687,1.0,SP.URB.TOTL.IN.ZS,RF,IND
0.025860683623214916,4.270657425401928,0.00605543387053132,0.9999633317206397,0.05828548114455339,1.0,SP.URB.TOTL.IN.ZS,ARIMA,IND
1.2603797349515973,8.215361088966251,0.15341744827800288,0.9764630865638663,1.0232330475900404,0.4423076923076923,NV.AGR.TOTL.ZS,XGB,IND
1.477439910711051,8.215361088966251,0.1798387063832588,0.9676580396863961,1.1563571072497567,0.4807692307692308,NV.AGR.TOTL.ZS,RF,IND
1.678815243172902,8.215361088966251,0.20435075524892715,0.9582407688291931,1.2991627861100712,0.4423076923076923,NV.AGR.TOTL.ZS,ARIMA,IND
11.827249312603895,124.63737700773157,0.0948932783772417,0.9909952657188194,1.0935315747504453,0.7884615384615384,EG.USE.PCAP.KG.OE,XGB,IND
20.447622764519654,124.63737700773157,0.16405690857286925,0.9730853307495132,2.1295887581928934,0.8269230769230769,EG.USE.PCAP.KG.OE,RF,IND
8.788261724514713,124.63737700773157,0.07051064404195184,0.9950282490767891,0.7674680711886961,0.6923076923076923,EG.USE.PCAP.KG.OE,ARIMA,IND
1.843147206043044,13.638903604274,0.13513895687813646,0.9817374623338891,1.098154182502706,0.6538461538461539,FS.AST.PRVT.GD.ZS,XGB,IND
2.3168742313096105,13.638903604274,0.16987246911720788,0.9711433442360232,1.401179111671965,0.7115384615384616,FS.AST.PRVT.GD.ZS,RF,IND
1.7170949445093902,13.638903604274,0.12589684584113542,0.9841499842072534,1.06382075173751,0.5769230769230769,FS.AST.PRVT.GD.ZS,ARIMA,IND
1.7913569072628295,8.238624028797167,0.2174339915259328,0.9527224593291006,1.1390802176222734,0.7115384615384616,NE.IMP.GNFS.ZS,XGB,IND
2.0013746770628433,8.238624028797167,0.24292584175066945,0.9409870354097287,1.2516532226466104,0.7115384615384616,NE.IMP.GNFS.ZS,RF,IND
1.7189439602962697,8.238624028797167,0.20864454480358588,0.9564674539237045,1.060620273180502,0.6730769230769231,NE.IMP.GNFS.ZS,ARIMA,IND
112816038555.18874,789818959172.8976,0.14283784561632992,0.9795973498596855,1.1019486544685948,0.7884615384615384,NY.GDP.MKTP.CD,XGB,IND
174387312674.03723,789818959172.8976,0.22079403216232807,0.9512499953615009,1.7963857008901805,0.8269230769230769,NY.GDP.MKTP.CD,RF,IND
90331413771.93034,789818959172.8976,0.11436977135434412,0.986919555400355,0.9508011207278707,0.6538461538461539,NY.GDP.MKTP.CD,ARIMA,IND
1.4237736603276252,6.96157002767438,0.20451904594332707,0.9581719598464313,1.1269020887667498,0.46153846153846156,NE.EXP.GNFS.ZS,XGB,IND
1.4965407419117058,6.96157002767438,0.2149717284983842,0.9537871559464169,1.243572042543961,0.5769230769230769,NE.EXP.GNFS.ZS,RF,IND
1.3685166866846596,6.96157002767438,0.19658161610734148,0.9613556682086258,1.0829380021485469,0.5,NE.EXP.GNFS.ZS,ARIMA,IND
3.706883506735433,2.701337797268102,1.372239899239648,-0.8830423410652395,1.0054380912517593,0.4230769230769231,NY.GDP.MKTP.KD.ZG,XGB,IND
3.308059822646529,2.701337797268102,1.2246005760523595,-0.4996465708677704,0.90111450821671,0.36538461538461536,NY.GDP.MKTP.KD.ZG,RF,IND
3.1019209203470157,2.701337797268102,1.1482906445406527,-0.31857140433958775,0.928888951143991,0.4807692307692308,NY.GDP.MKTP.KD.ZG,ARIMA,IND
80503.7598345212,800221.3115911247,0.10060186934343336,0.9898792638846068,1.1188621471871731,0.8846153846153846,EN.ATM.GHGT.KT.CE,XGB,IND
133788.61563961275,800221.3115911247,0.16718951832661563,0.9720476649617142,1.8629702682572293,0.9038461538461539,EN.ATM.GHGT.KT.CE,RF,IND
59114.10125496322,800221.3115911247,0.07387219060365108,0.9945428994554179,0.7831239142249219,0.7884615384615384,EN.ATM.GHGT.KT.CE,ARIMA,IND
0.6939582282406908,3.935495495515991,0.17633312731049244,0.9689066282129016,1.761294394344999,0.6346153846153846,SP.DYN.LE00.IN,XGB,ITA
0.9095733146645707,3.935495495515991,0.23112040547395282,0.9465833581735557,2.6015774085489554,0.6730769230769231,SP.DYN.LE00.IN,RF,ITA
0.40261423532833396,3.935495495515991,0.10230331499224506,0.9895340317415975,1.0857324112283733,0.6538461538461539,SP.DYN.LE00.IN,ARIMA,ITA
0.3905285159805504,1.6301415091882796,0.23956724847465052,0.9426075334582851,1.7758329026652724,0.8269230769230769,SP.URB.TOTL.IN.ZS,XGB,ITA
0.5043942723273067,1.6301415091882796,0.3094174766327294,0.9042608251542343,2.5481958943906324,0.8461538461538461,SP.URB.TOTL.IN.ZS,RF,ITA
0.04774764638587538,1.6301415091882796,0.029290491725255843,0.9991420670944927,0.2035547706400948,0.9807692307692307,SP.URB.TOTL.IN.ZS,ARIMA,ITA
0.08849939688274498,0.5410545412725443,0.16356834687053365,0.9732453959020408,1.13862370578434,0.8076923076923077,NV.AGR.TOTL.ZS,XGB,ITA
0.12055278013683363,0.5410545412725443,0.22281077218813664,0.9503553597969263,1.6708251443339015,0.6923076923076923,NV.AGR.TOTL.ZS,RF,ITA
0.08604136419086217,0.5410545412725443,0.1590253063739109,0.9747109519326838,1.0702267421923068,0.7307692307692307,NV.AGR.TOTL.ZS,ARIMA,ITA
113.96609139394324,396.6615222338807,0.2873132003127499,0.9174511249260456,1.2302845085359815,0.6153846153846154,EG.USE.PCAP.KG.OE,XGB,ITA
133.28769154023774,396.6615222338807,0.33602374838275406,0.8870880405228035,1.5595253778908054,0.6153846153846154,EG.USE.PCAP.KG.OE,RF,ITA
97.50645946399032,396.6615222338807,0.245817791740582,0.9395736132637839,1.0380211380123618,0.5961538461538461,EG.USE.PCAP.KG.OE,ARIMA,ITA
2.7060813183532106,11.339936176717993,0.2386328526177301,0.9430543616515247,1.341945974836304,0.9423076923076923,FS.AST.PRVT.GD.ZS,XGB,ITA
3.713471810322323,11.339936176717993,0.32746849298380065,0.8927643861029185,1.8041592183966941,0.9423076923076923,FS.AST.PRVT.GD.ZS,RF,ITA
1.3459941384139589,11.339936176717993,0.11869503650094765,0.9859114883100387,0.6368323317854186,0.7692307692307693,FS.AST.PRVT.GD.ZS,ARIMA,ITA
1.8681796493246106,4.164525861218537,0.4485936002275137,0.7987637818349176,1.0231790674882855,0.5,NE.IMP.GNFS.ZS,XGB,ITA
1.756382154404145,4.164525861218537,0.42174840856678675,0.8221282798713827,1.011836456071134,0.46153846153846156,NE.IMP.GNFS.ZS,RF,ITA
2.2087449868541977,4.164525861218537,0.5303712980684723,0.7187062861851639,1.1642968218176017,0.40384615384615385,NE.IMP.GNFS.ZS,ARIMA,ITA
165129633525.43842,747014289034.2297,0.22105284456998095,0.9511356399075198,1.1876766171204844,0.6730769230769231,NY.GDP.MKTP.CD,XGB,ITA
171621062753.51965,747014289034.2297,0.22974267731263656,0.9472183022212217,1.3777167789829792,0.6923076923076923,NY.GDP.MKTP.CD,RF,ITA
126947906283.89026,747014289034.2297,0.16994039892866528,0.9711202608119661,1.0062117768194236,0.6346153846153846,NY.GDP.MKTP.CD,ARIMA,ITA
1.6561584948707249,4.594230510842957,0.36048659094531377,0.870049417748626,1.2025042915482367,0.5769230769230769,NE.EXP.GNFS.ZS,XGB,ITA
1.7868986702194252,4.594230510842957,0.3889440605999463,0.8487225177240253,1.3927265097972783,0.6153846153846154,NE.EXP.GNFS.ZS,RF,ITA
1.5098300684595467,4.594230510842957,0.3286361154269816,0.8919983036370636,1.1177050970357876,0.5769230769230769,NE.EXP.GNFS.ZS,ARIMA,ITA
2.2803475463411162,2.4978462063261353,0.9129255198201658,0.16656699526107976,0.8643126661588276,0.5961538461538461,NY.GDP.MKTP.KD.ZG,XGB,ITA
2.10871745501065,2.4978462063261353,0.8442142873608616,0.2873022370157924,0.7976357501514199,0.5,NY.GDP.MKTP.KD.ZG,RF,ITA
2.5687646132256385,2.4978462063261353,1.0283918228111453,-0.05758974122483029,1.0834679981104507,0.4423076923076923,NY.GDP.MKTP.KD.ZG,ARIMA,ITA
17594.814093009834,47935.261924325794,0.3670536758678054,0.865271599031932,1.2687705896329005,0.6346153846153846,EN.ATM.GHGT.KT.CE,XGB,ITA
20805.459590394672,47935.261924325794,0.43403245867811746,0.8116158248138282,1.475625204126577,0.6538461538461539,EN.ATM.GHGT.KT.CE,RF,ITA
16113.591046119072,48284.89315452303,0.33371909915077963,0.8886315628619921,1.0416956816702303,0.5686274509803921,EN.ATM.GHGT.KT.CE,ARIMA,ITA
0.38824052445482826,3.715034027767798,0.10450524047773126,0.9890786547126915,1.155262120141997,0.7884615384615384,SP.DYN.LE00.IN,XGB,JPN
0.8216064066375345,3.715034027767798,0.22115716854717532,0.9510895068001963,2.69974685182747,0.8269230769230769,SP.DYN.LE00.IN,RF,JPN
0.3327129356932923,3.715034027767798,0.08955851634371301,0.9919792721503129,0.8870187118986195,0.6730769230769231,SP.DYN.LE00.IN,ARIMA,JPN
0.8162794265438382,6.705966634314101,0.12172434953180003,0.9851831827310602,1.3978511086271899,0.9807692307692307,SP.URB.TOTL.IN.ZS,XGB,JPN
1.719319206379226,6.705966634314101,0.25638648387863344,0.9342659708843513,3.0787594565029837,0.9038461538461539,SP.URB.TOTL.IN.ZS,RF,JPN
0.21224586109426855,6.705966634314101,0.03165030079455167,0.9989982584596144,0.2296782669330768,0.9230769230769231,SP.URB.TOTL.IN.ZS,ARIMA,JPN
0.07178367353411973,0.3622496217393259,0.19816079638524817,0.9607322987759642,1.3802632746384145,0.7692307692307693,NV.AGR.TOTL.ZS,XGB,JPN
0.09232103749906098,0.3622496217393259,0.2548547519685059,0.9350490553990713,1.967071159972138,0.6730769230769231,NV.AGR.TOTL.ZS,RF,JPN
0.07219164356864011,0.3622496217393259,0.19928700883665537,0.9602846881089389,1.2475346383882064,0.5384615384615384,NV.AGR.TOTL.ZS,ARIMA,JPN
156.97884791900225,578.845972634185,0.2711927789781974,0.9264544766300826,1.3596599484407568,0.6153846153846154,EG.USE.PCAP.KG.OE,XGB,JPN
188.81408594827576,578.845972634185,0.3261905496017006,0.8935997253505406,1.712034637425456,0.6346153846153846,EG.USE.PCAP.KG.OE,RF,JPN
132.52616426413272,578.845972634185,0.22894892688125457,0.947582388879922,1.0214916055488277,0.5192307692307693,EG.USE.PCAP.KG.OE,ARIMA,JPN
8.217608801433709,30.604582997653548,0.26850909231678644,0.9279028673432155,1.298544880210766,0.7115384615384616,FS.AST.PRVT.GD.ZS,XGB,JPN
10.84539227719508,30.604582997653548,0.3543715095881749,0.8744208331921981,1.7615765803269399,0.6730769230769231,FS.AST.PRVT.GD.ZS,RF,JPN
7.273876789468023,30.604582997653548,0.2376727952812071,0.9435116423832174,1.0463437241058005,0.6923076923076923,FS.AST.PRVT.GD.ZS,ARIMA,JPN
1.7768113314466527,3.476547340045555,0.5110850385898587,0.7387920833296027,1.10154357567332,0.6153846153846154,NE.IMP.GNFS.ZS,XGB,JPN
1.76882328216826,3.476547340045555,0.5087873424859165,0.7411354401261186,1.1083423312172356,0.6153846153846154,NE.IMP.GNFS.ZS,RF,JPN
1.8194774854896787,3.476547340045555,0.5233576038305399,0.7260968185127556,1.125590990556698,0.5769230769230769,NE.IMP.GNFS.ZS,ARIMA,JPN
442741455118.47644,1975953792881.6426,0.22406468041583205,0.9497950189901511,1.232181158144746,0.7115384615384616,NY.GDP.MKTP.CD,XGB,JPN
492444320169.70575,1975953792881.6426,0.24921854040500968,0.9378901191183966,1.4123490906915321,0.7884615384615384,NY.GDP.MKTP.CD,RF,JPN
343407142802.36615,1975953792881.6426,0.17379310388708866,0.9697959570412916,0.874516200057266,0.7115384615384616,NY.GDP.MKTP.CD,ARIMA,JPN
1.3766504151734145,2.7889265533370735,0.49361300444652856,0.7563462018412714,1.1202683547134056,0.4807692307692308,NE.EXP.GNFS.ZS,XGB,JPN
1.3737801257274982,2.7889265533370735,0.4925838308949763,0.7573611695408294,1.1057131327837426,0.5,NE.EXP.GNFS.ZS,RF,JPN
1.627687061322908,2.7889265533370735,0.5836249288728341,0.6593819423981793,1.236292037069787,0.5576923076923077,NE.EXP.GNFS.ZS,ARIMA,JPN
3.0088754570061442,3.3436415483681725,0.8998797907851674,0.19021636213644333,0.9764905228593075,0.5192307692307693,NY.GDP.MKTP.KD.ZG,XGB,JPN
2.7479976406685647,3.3436415483681725,0.821857726349194,0.32454987764013354,0.8604055167894864,0.40384615384615385,NY.GDP.MKTP.KD.ZG,RF,JPN
3.4554669678596626,3.3436415483681725,1.0334442008432587,-0.06800691625656197,1.231826956822033,0.40384615384615385,NY.GDP.MKTP.KD.ZG,ARIMA,JPN
44766.932680246,107085.9296809711,0.4180468228983492,0.8252368538645962,1.1412081670116396,0.4230769230769231,EN.ATM.GHGT.KT.CE,XGB,JPN
43412.36087756229,107085.9296809711,0.4053974318278395,0.8356529222673923,1.0931927904331744,0.5,EN.ATM.GHGT.KT.CE,RF,JPN
41027.605683117334,107085.9296809711,0.3831278843574147,0.8532130242278115,1.0969991809348028,0.4807692307692308,EN.ATM.GHGT.KT.CE,ARIMA,JPN
0.7573988050695675,7.007289183805994,0.10808727672035193,0.988317140611178,1.44866055318826,0.9615384615384616,SP.DYN.LE00.IN,XGB,KOR
1.0269778357891368,7.007289183805994,0.1465585062712277,0.9785206042395465,2.1691099788564903,0.9807692307692307,SP.DYN.LE00.IN,RF,KOR
0.23983133543783577,7.007289183805994,0.03422597942612266,0.9988285823323226,0.346242276605985,0.9230769230769231,SP.DYN.LE00.IN,ARIMA,KOR
1.3246178316249952,15.117983028644945,0.08761868756666566,0.992322965589095,1.1689119452343981,0.9230769230769231,SP.URB.TOTL.IN.ZS,XGB,KOR
2.466836497888915,15.117983028644945,0.16317232882288943,0.9733747911065148,2.2114647949909845,0.9230769230769231,SP.URB.TOTL.IN.ZS,RF,KOR
0.17716957061464783,15.117983028644945,0.011719127497296039,0.9998626620507021,0.14211772518498642,0.9807692307692307,SP.URB.TOTL.IN.ZS,ARIMA,KOR
1.7328031972788989,9.136419985637678,0.18965888170671233,0.9640295085897593,1.6666463138919156,0.8076923076923077,NV.AGR.TOTL.ZS,XGB,KOR
2.349901926751714,9.136419985637678,0.2572016096507961,0.9338473319930395,2.4371112741606,0.8269230769230769,NV.AGR.TOTL.ZS,RF,KOR
2.588203509612266,9.136419985637678,0.2832842090973144,0.919750056876109,2.4222929151932475,0.7115384615384616,NV.AGR.TOTL.ZS,ARIMA,KOR
164.82265623374923,1797.6548934242915,0.09168759634380333,0.9915933846766958,1.1595016510253335,0.7884615384615384,EG.USE.PCAP.KG.OE,XGB,KOR
257.70431790173956,1797.6548934242915,0.14335583478475528,0.9794491046331659,1.8934695686818606,0.8076923076923077,EG.USE.PCAP.KG.OE,RF,KOR
150.80096781726263,1797.6548934242915,0.08388760733157576,0.9929628693361834,0.8011270431907631,0.75,EG.USE.PCAP.KG.OE,ARIMA,KOR
6.623385573554759,42.35336690559644,0.15638392074750415,0.9755440693316384,1.0874571906410442,0.5576923076923077,FS.AST.PRVT.GD.ZS,XGB,KOR
8.705994883180148,42.35336690559644,0.2055561462819563,0.957746670725711,1.398152348095814,0.5576923076923077,FS.AST.PRVT.GD.ZS,RF,KOR
6.262200344317508,42.35336690559644,0.14785602189019925,0.978138596790805,1.0489773054534532,0.6153846153846154,FS.AST.PRVT.GD.ZS,ARIMA,KOR
3.9262326376045116,7.50369027382313,0.5232402317165599,0.7262196599132007,1.209870570556489,0.5,NE.IMP.GNFS.ZS,XGB,KOR
3.944228685152773,7.50369027382313,0.525638524675298,0.7237041413771761,1.1686683283726118,0.46153846153846156,NE.IMP.GNFS.ZS,RF,KOR
3.7543106404058975,7.50369027382313,0.5003285721297603,0.7496713199105951,1.0650101799954785,0.6153846153846154,NE.IMP.GNFS.ZS,ARIMA,KOR
93519782814.22377,538998526488.5164,0.17350656489450764,0.969895471938508,1.2254320351378971,0.8269230769230769,NY.GDP.MKTP.CD,XGB,KOR
109253403014.76505,538998526488.5164,0.20269703467750155,0.9589139121329477,1.5041198197507095,0.8269230769230769,NY.GDP.MKTP.CD,RF,KOR
79934115010.93999,538998526488.5164,0.1483011753885435,0.9780067613783765,0.908603051976939,0.75,NY.GDP.MKTP.CD,ARIMA,KOR
3.948720112957724,10.793046487508732,0.36585778793112317,0.8661480790101452,1.1320992139444066,0.5192307692307693,NE.EXP.GNFS.ZS,XGB,KOR
4.062591168323641,10.793046487508732,0.37640819698362793,0.8583168692435343,1.1846852249737743,0.5384615384615384,NE.EXP.GNFS.ZS,RF,KOR
3.7999825829466993,10.793046487508732,0.35207692168699417,0.8760418412154102,1.062133294055901,0.5192307692307693,NE.EXP.GNFS.ZS,ARIMA,KOR
4.379604591178463,4.183958312647418,1.046761048727383,-0.09570869313285102,0.9996714771729285,0.36538461538461536,NY.GDP.MKTP.KD.ZG,XGB,KOR
3.872432737698412,4.183958312647418,0.9255428587786558,0.1433704165638331,0.8824045935937207,0.36538461538461536,NY.GDP.MKTP.KD.ZG,RF,KOR
4.007862688615577,4.183958312647418,0.9579117164003446,0.08240514358294582,0.9960873110495928,0.4423076923076923,NY.GDP.MKTP.KD.ZG,ARIMA,KOR
24686.402102458727,216901.69219931308,0.11381378288083686,0.9870464228263537,1.1804228918785173,0.7884615384615384,EN.ATM.GHGT.KT.CE,XGB,KOR
34184.418411590465,216901.69219931308,0.15760328130671322,0.975161205721357,1.7669952769370767,0.7692307692307693,EN.ATM.GHGT.KT.CE,RF,KOR
22357.941910273934,216901.69219931308,0.10307868824614334,0.9893747840294544,0.8350212830812026,0.7115384615384616,EN.ATM.GHGT.KT.CE,ARIMA,KOR
0.40840106308108026,4.939011928388581,0.08268881893839171,0.9931625592225739,1.1778504636552405,0.9230769230769231,SP.DYN.LE00.IN,XGB,MEX
0.9877301869287322,4.939011928388581,0.19998538194480378,0.960005847008391,2.74961341269866,0.8653846153846154,SP.DYN.LE00.IN,RF,MEX
0.027618724359977365,4.986247956918089,0.00553897932846645,0.9999693197079988,0.0731307081425072,1.0,SP.DYN.LE00.IN,ARIMA,MEX
0.7816157060433313,6.748988640555362,0.11581227168564526,0.9865875177270103,1.5660010914209952,0.9423076923076923,SP.URB.TOTL.IN.ZS,XGB,MEX
1.4407684307838704,6.748988640555362,0.2134791607332313,0.9544266479326352,2.936640944748651,0.9423076923076923,SP.URB.TOTL.IN.ZS,RF,MEX
0.030963095339893273,6.748988640555362,0.004587812632226533,0.9999789519752516,0.0468334018644907,1.0,SP.URB.TOTL.IN.ZS,ARIMA,MEX
0.7071528032541365,3.085654048068819,0.22917436376145722,0.9474791109945313,1.2354356864994331,0.46153846153846156,NV.AGR.TOTL.ZS,XGB,MEX
0.7706546522521246,3.085654048068819,0.24975406842333633,0.9376229053059915,1.3508988544725138,0.5192307692307693,NV.AGR.TOTL.ZS,RF,MEX
0.7330084249322424,3.085654048068819,0.23755366399256633,0.9435682567237069,1.3135842077678992,0.4807692307692308,NV.AGR.TOTL.ZS,ARIMA,MEX
49.86619567600586,265.1146374887389,0.1880929553658613,0.9646210401417361,1.060284883571487,0.5769230769230769,EG.USE.PCAP.KG.OE,XGB,MEX
62.82999329640875,265.1146374887389,0.23699179302794077,0.9438348900374017,1.2883164235185647,0.5576923076923077,EG.USE.PCAP.KG.OE,RF,MEX
52.6173275187248,265.1146374887389,0.19847009586922484,0.9606096210456607,1.023075503043736,0.5,EG.USE.PCAP.KG.OE,ARIMA,MEX
1.9560358976472543,4.947639211950143,0.3953473189643249,0.8437004973877203,1.6359433482679344,0.8846153846153846,FS.AST.PRVT.GD.ZS,XGB,MEX
2.0808254703547098,4.947639211950143,0.42056936272330564,0.8231214111385126,1.7297320029412468,0.8653846153846154,FS.AST.PRVT.GD.ZS,RF,MEX
1.395128231019579,4.947639211950143,0.28197857023404105,0.920488085928766,1.0989998312774747,0.5576923076923077,FS.AST.PRVT.GD.ZS,ARIMA,MEX
2.327734700578105,10.039301696054476,0.23186221223861841,0.9462399145358139,1.3164739733051452,0.5,NE.IMP.GNFS.ZS,XGB,MEX
2.3934841599087,10.039301696054476,0.23841141867958385,0.9431599954431882,1.4233363977340092,0.5192307692307693,NE.IMP.GNFS.ZS,RF,MEX
1.990989017503276,10.039301696054476,0.19831947258699778,0.960669386792815,1.0851063290449237,0.4807692307692308,NE.IMP.GNFS.ZS,ARIMA,MEX
98557386887.98613,434023863275.6678,0.22707826741173437,0.9484354604692848,1.2490465123559147,0.7115384615384616,NY.GDP.MKTP.CD,XGB,MEX
95808221556.78058,434023863275.6678,0.22074413336100032,0.9512720275867009,1.3340745360043194,0.6923076923076923,NY.GDP.MKTP.CD,RF,MEX
79995067798.10197,434023863275.6678,0.18431029850377964,0.9660297138654477,1.0217752549398726,0.7884615384615384,NY.GDP.MKTP.CD,ARIMA,MEX
2.6892500372091583,9.56493070384929,0.28115729433637215,0.9209505758414506,1.3789601947829617,0.4807692307692308,NE.EXP.GNFS.ZS,XGB,MEX
2.6147675678528848,9.56493070384929,0.2733702573297895,0.9252687024074446,1.385231584933732,0.5576923076923077,NE.EXP.GNFS.ZS,RF,MEX
2.300891716238152,9.56493070384929,0.24055498021665603,0.9421333014929643,1.1162508169455214,0.6538461538461539,NE.EXP.GNFS.ZS,ARIMA,MEX
3.960359425513193,3.424041384839031,1.1566330486100054,-0.3378000091368747,1.0801292576397272,0.4807692307692308,NY.GDP.MKTP.KD.ZG,XGB,MEX
3.428937709451694,3.424041384839031,1.001429984063377,-0.002862012981175166,0.9276903244016577,0.34615384615384615,NY.GDP.MKTP.KD.ZG,RF,MEX
3.779802317399845,3.424041384839031,1.1039008857007546,-0.21859716545091046,0.9819810968038021,0.36538461538461536,NY.GDP.MKTP.KD.ZG,ARIMA,MEX
31144.355581099513,149681.32161486417,0.20807108893142423,0.9567064219508914,1.4174447363970561,0.6538461538461539,EN.ATM.GHGT.KT.CE,XGB,MEX
29836.712248214633,149681.32161486417,0.19933490649545205,0.9602655950524493,1.4742187227209507,0.6153846153846154,EN.ATM.GHGT.KT.CE,RF,MEX
23099.271676917513,149681.32161486417,0.15432300722432712,0.9761844094412403,0.9803499096770115,0.5961538461538461,EN.ATM.GHGT.KT.CE,ARIMA,MEX
0.78075918167963,2.020837441444317,0.38635427356374197,0.8507303752990333,1.3070575744754922,0.6730769230769231,SP.DYN.LE00.IN,XGB,RUS
0.9722856436394169,2.020837441444317,0.4811300620719461,0.7685138633706454,1.6186617224397817,0.7115384615384616,SP.DYN.LE00.IN,RF,RUS
0.5558666875457194,2.020837441444317,0.27506749238990486,0.9243378746303297,0.9224024338035038,0.6730769230769231,SP.DYN.LE00.IN,ARIMA,RUS
5.090413140495692,3.9899692379463176,1.2758026032089875,-0.6276722823548291,10.404778184289064,0.6538461538461539,SP.URB.TOTL.IN.ZS,XGB,RUS
2.9478747370429645,3.9899692379463176,0.7388214197261002,0.4541429097539097,7.754708506328628,0.75,SP.URB.TOTL.IN.ZS,RF,RUS
0.053250100723735254,3.9899692379463176,0.013345992800471737,0.9998218844761697,0.14153232620123368,0.9038461538461539,SP.URB.TOTL.IN.ZS,ARIMA,RUS
1.8080617083304293,5.477649918470613,0.33007982168295436,0.8910473113177491,2.398868159700555,0.7307692307692307,NV.AGR.TOTL.ZS,XGB,RUS
1.8104854511902786,5.477649918470613,0.33052230028160967,0.8907550090165535,2.482851374408717,0.6923076923076923,NV.AGR.TOTL.ZS,RF,RUS
1.392478207677497,5.477649918470613,0.25421088028683,0.935376828343795,1.5119798831963844,0.5,NV.AGR.TOTL.ZS,ARIMA,RUS
252.62713571213285,693.2480389079111,0.36441089124478726,0.8672047023421798,1.6050443473803118,0.6923076923076923,EG.USE.PCAP.KG.OE,XGB,RUS
261.326678334057,693.2480389079111,0.3769598522712458,0.8579012697756405,1.6993851330196783,0.6730769230769231,EG.USE.PCAP.KG.OE,RF,RUS
156.5012887124025,693.2480389079111,0.22575078460941977,0.9490365832482314,1.003668432916672,0.5384615384615384,EG.USE.PCAP.KG.OE,ARIMA,RUS
2.6870348921772513,13.453768466873061,0.19972358665109202,0.9601104889352238,1.2308368947571318,0.9038461538461539,FS.AST.PRVT.GD.ZS,XGB,RUS
3.3685571411894313,13.453768466873061,0.2503801926935015,0.9373097591067651,1.6600564258422448,0.9038461538461539,FS.AST.PRVT.GD.ZS,RF,RUS
1.796410946307519,13.453768466873061,0.1335247407245624,0.9821711436144384,0.8985977615943678,0.5576923076923077,FS.AST.PRVT.GD.ZS,ARIMA,RUS
5.001303214645828,4.265434074394784,1.172519168604301,-0.3748012007445216,0.9529204799793068,0.75,NE.IMP.GNFS.ZS,XGB,RUS
4.754889968493731,4.265434074394784,1.114749374990257,-0.24266616904116867,0.8527244829149682,0.6538461538461539,NE.IMP.GNFS.ZS,RF,RUS
9.709105614045045,4.265434074394784,2.2762292054467297,-4.18121939572865,1.7968043434901217,0.4423076923076923,NE.IMP.GNFS.ZS,ARIMA,RUS
195798282991.47775,545702864771.20905,0.3588001742918612,0.87126243492813,1.142917631761149,0.75,NY.GDP.MKTP.CD,XGB,RUS
223910023269.30402,545702864771.20905,0.4103149126094113,0.8316416724903312,1.313157794229323,0.8269230769230769,NY.GDP.MKTP.CD,RF,RUS
210107925929.15543,545702864771.20905,0.3850225818719957,0.8517576114486224,1.056894032803189,0.46153846153846156,NY.GDP.MKTP.CD,ARIMA,RUS
8.295277670642017,7.866372221888293,1.0545239198776137,-0.11202069759404787,1.3218327275183692,0.6153846153846154,NE.EXP.GNFS.ZS,XGB,RUS
7.232075833255547,7.866372221888293,0.9193660850591576,0.1547660016429978,0.9336806197913206,0.5961538461538461,NE.EXP.GNFS.ZS,RF,RUS
14.822648175114272,7.866372221888293,1.8843054659770666,-2.55060708911105,1.7423579111691883,0.40384615384615385,NE.EXP.GNFS.ZS,ARIMA,RUS
4.175274636627204,5.051069058768626,0.8266120672769167,0.3167124902321823,1.1709688309880382,0.6923076923076923,NY.GDP.MKTP.KD.ZG,XGB,RUS
4.11454348085421,5.051069058768626,0.8145886411335808,0.3364453457361465,1.1712577618184934,0.6153846153846154,NY.GDP.MKTP.KD.ZG,RF,RUS
4.617126614951519,5.051069058768626,0.9140889901190747,0.16444131814309026,1.2107236559646113,0.5961538461538461,NY.GDP.MKTP.KD.ZG,ARIMA,RUS
191021.87439437813,367699.290245663,0.5195056924552527,0.7301138355065884,2.0906791961131725,0.75,EN.ATM.GHGT.KT.CE,XGB,RUS
195564.0911870963,367699.290245663,0.5318587671366954,0.7171262518198344,2.360826028375366,0.7692307692307693,EN.ATM.GHGT.KT.CE,RF,RUS
73089.32056240102,367699.290245663,0.19877471211208872,0.9604886138247563,0.7986025756967897,0.7884615384615384,EN.ATM.GHGT.KT.CE,ARIMA,RUS
0.7676705683655158,7.439975164655739,0.10318187243586549,0.9893535012006288,1.3160415694290024,0.9615384615384616,SP.DYN.LE00.IN,XGB,SAU
2.054156880047195,7.439975164655739,0.2760972764809282,0.9237702939198139,3.6905754249860565,0.8269230769230769,SP.DYN.LE00.IN,RF,SAU
0.03397223610690224,7.439975164655739,0.004566176009335401,0.9999791500366517,0.06356166181063061,1.0,SP.DYN.LE00.IN,ARIMA,SAU
1.3789988373839699,11.715814044084052,0.11770405643134127,0.9861457550996077,1.4077815932121838,0.9230769230769231,SP.URB.TOTL.IN.ZS,XGB,SAU
3.6234544856831095,11.715814044084052,0.3092789346134072,0.9043465406043958,3.7909566493482894,0.8653846153846154,SP.URB.TOTL.IN.ZS,RF,SAU
0.12477810656221773,11.715814044084052,0.010650400056940554,0.9998865689786272,0.13135234927323391,1.0,SP.URB.TOTL.IN.ZS,ARIMA,SAU
0.588433738204549,1.7476446452424286,0.3367010220335285,0.8866324217615773,1.1467194326806431,0.6153846153846154,NV.AGR.TOTL.ZS,XGB,SAU
0.7076718374795923,1.7476446452424286,0.4049289078337925,0.836032579600532,1.3637696617204071,0.5961538461538461,NV.AGR.TOTL.ZS,RF,SAU
0.4915943483515085,1.7476446452424286,0.2812896487222183,0.920876133521731,0.9306007550250743,0.7307692307692307,NV.AGR.TOTL.ZS,ARIMA,SAU
340.9316132052069,1913.9040964377168,0.1781341154135001,0.9682682369258498,1.0527304949545966,0.4807692307692308,EG.USE.PCAP.KG.OE,XGB,SAU
456.9291910594063,1913.9040964377168,0.2387419473681428,0.9430022825668669,1.3574001160767275,0.5576923076923077,EG.USE.PCAP.KG.OE,RF,SAU
363.2508671694017,1913.9040964377168,0.18979575196349072,0.9639775725366131,1.1114558502338419,0.38461538461538464,EG.USE.PCAP.KG.OE,ARIMA,SAU
3.8757553541202707,15.71894963471701,0.24656579760012995,0.9392053074538118,1.1626719442844937,0.5,FS.AST.PRVT.GD.ZS,XGB,SAU
4.3436037438595685,15.71894963471701,0.27632913424865535,0.9236422095653886,1.3383465271506454,0.5192307692307693,FS.AST.PRVT.GD.ZS,RF,SAU
3.4501789327421104,15.71894963471701,0.21949169715017186,0.9518233948821373,1.089554153594968,0.5192307692307693,FS.AST.PRVT.GD.ZS,ARIMA,SAU
4.725324816874343,6.890486223916643,0.6857752360744734,0.5297123255870002,1.0640947929129079,0.5192307692307693,NE.IMP.GNFS.ZS,XGB,SAU
5.010736132802449,6.890486223916643,0.7271963066133642,0.4711855316478821,1.105808667347979,0.4807692307692308,NE.IMP.GNFS.ZS,RF,SAU
4.790851631404597,6.890486223916643,0.6952849879846961,0.516578785483121,1.0371582245563185,0.4807692307692308,NE.IMP.GNFS.ZS,ARIMA,SAU
52113071255.321594,244153219673.01053,0.21344412875290186,0.9544416039009147,1.1346459222699397,0.7884615384615384,NY.GDP.MKTP.CD,XGB,SAU
60765852734.11566,244153219673.01053,0.2488840934209188,0.9380567080420473,1.4617527360248448,0.7307692307692307,NY.GDP.MKTP.CD,RF,SAU
46406372970.38381,244153219673.01053,0.19007069836119683,0.9638731296244869,0.984985870386005,0.75,NY.GDP.MKTP.CD,ARIMA,SAU
10.17526212924179,13.284088050582247,0.765973704065881,0.4132842846795942,1.1290494180821675,0.5576923076923077,NE.EXP.GNFS.ZS,XGB,SAU
9.83791268393936,13.284088050582247,0.7405787018634041,0.4515431863463151,1.1270128240957682,0.5384615384615384,NE.EXP.GNFS.ZS,RF,SAU
11.462556571939961,13.284088050582247,0.8628786957970783,0.255440356339533,1.111496979959766,0.5384615384615384,NE.EXP.GNFS.ZS,ARIMA,SAU
15.646877388263368,11.463404218211215,1.364941608131215,-0.8630655936078273,1.0287864982452088,0.38461538461538464,NY.GDP.MKTP.KD.ZG,XGB,SAU
11.633117676554406,11.463404218211215,1.0148048044989617,-0.029828791234176144,0.7912045159443614,0.36538461538461536,NY.GDP.MKTP.KD.ZG,RF,SAU
11.586042937822075,11.463404218211215,1.0106982810059189,-0.021511015228319552,0.8325633726623657,0.28846153846153844,NY.GDP.MKTP.KD.ZG,ARIMA,SAU
26556.102853803848,172884.3641832418,0.15360615738307473,0.976405148414006,1.3093080557013255,0.75,EN.ATM.GHGT.KT.CE,XGB,SAU
38687.42938361192,172884.3641832418,0.22377633492989998,0.9499241519253412,1.862820693072771,0.6923076923076923,EN.ATM.GHGT.KT.CE,RF,SAU
22433.237683287916,172884.3641832418,0.12975862675187164,0.9831626987834685,1.012403136786595,0.8653846153846154,EN.ATM.GHGT.KT.CE,ARIMA,SAU
0.6313405688367392,8.251567312206062,0.07651159409471628,0.9941459759690854,1.1844349220419357,1.0,SP.DYN.LE00.IN,XGB,TUR
1.2997333842703418,8.251567312206062,0.15751351653494022,0.9751894921087971,2.3993111150297253,0.9807692307692307,SP.DYN.LE00.IN,RF,TUR
0.01747939264880837,8.251567312206062,0.0021183118294329523,0.9999955127549933,0.028297324947618666,1.0,SP.DYN.LE00.IN,ARIMA,TUR
0.9745292397795122,12.611092470411073,0.07727556054846264,0.9940284877419209,1.1585088801517016,1.0,SP.URB.TOTL.IN.ZS,XGB,TUR
1.8994236345841737,12.611092470411073,0.15061531259410865,0.9773150276121789,2.2919765488984902,0.9807692307692307,SP.URB.TOTL.IN.ZS,RF,TUR
0.18863554596244064,12.611092470411073,0.01495790681140663,0.9997762610238212,0.13866068029800468,1.0,SP.URB.TOTL.IN.ZS,ARIMA,TUR
1.603484016493627,11.317618136610221,0.14168034273100966,0.9799266804836236,1.1635850456216121,0.7307692307692307,NV.AGR.TOTL.ZS,XGB,TUR
2.5436839098401087,11.317618136610221,0.22475435017654485,0.949485482076719,1.8071127697693974,0.6923076923076923,NV.AGR.TOTL.ZS,RF,TUR
1.8312590532890383,11.317618136610221,0.16180604710149066,0.9738188031213902,1.1550597000151603,0.6538461538461539,NV.AGR.TOTL.ZS,ARIMA,TUR
53.88785293613451,358.66923309668044,0.15024386806439252,0.9774267801090494,1.1112308761349017,0.5192307692307693,EG.USE.PCAP.KG.OE,XGB,TUR
65.54303728167864,358.66923309668044,0.18273950267714015,0.9666062741613115,1.4071590736116313,0.6153846153846154,EG.USE.PCAP.KG.OE,RF,TUR
48.3252889777295,351.9597444008785,0.13730345514368683,0.9811477612056055,1.0042189217514448,0.5686274509803921,EG.USE.PCAP.KG.OE,ARIMA,TUR
2.061944256550332,11.352280615326377,0.18163260109748894,0.9670095982185605,1.0299285646117506,0.9615384615384616,FS.AST.PRVT.GD.ZS,XGB,TUR
3.363669858682362,11.352280615326377,0.29629904092937687,0.9122068783443315,1.670136427659369,0.9230769230769231,FS.AST.PRVT.GD.ZS,RF,TUR
2.0835896798409768,11.352280615326377,0.18353930372615915,0.9663133239877167,0.8517999087954292,0.8269230769230769,FS.AST.PRVT.GD.ZS,ARIMA,TUR
2.894831487405393,7.838302549803965,0.3693186718695609,0.8636037186085036,1.2204875835720757,0.5192307692307693,NE.IMP.GNFS.ZS,XGB,TUR
2.956126710759499,7.838302549803965,0.3771386332661313,0.8577664512981545,1.2433406972529033,0.46153846153846156,NE.IMP.GNFS.ZS,RF,TUR
2.7589978278723795,7.838302549803965,0.35198919795987993,0.8761036045195605,1.1084298229585658,0.46153846153846156,NE.IMP.GNFS.ZS,ARIMA,TUR
52000625293.75598,315708445186.9684,0.16471090997569054,0.97287031613498,1.0561780784958317,0.7115384615384616,NY.GDP.MKTP.CD,XGB,TUR
71539539291.48341,315708445186.9684,0.22660001777626307,0.9486524319437972,1.4250347286213179,0.6730769230769231,NY.GDP.MKTP.CD,RF,TUR
53138351348.917015,315708445186.9684,0.16831463383074058,0.9716701840384238,1.0001206610031104,0.6538461538461539,NY.GDP.MKTP.CD,ARIMA,TUR
2.591516877937784,8.338005082090255,0.31080778344741866,0.9033985217485025,1.059158595527191,0.4423076923076923,NE.EXP.GNFS.ZS,XGB,TUR
2.6996034274890066,8.338005082090255,0.3237709021415279,0.8951724029264612,1.135652882905445,0.4807692307692308,NE.EXP.GNFS.ZS,RF,TUR
2.600986481251017,8.338005082090255,0.3119434991515951,0.9026912533370588,1.0891301812347527,0.4423076923076923,NE.EXP.GNFS.ZS,ARIMA,TUR
4.977750387171293,3.903259689724723,1.2752803510038422,-0.6263399736564828,0.9549369760931693,0.4807692307692308,NY.GDP.MKTP.KD.ZG,XGB,TUR
4.717333324542449,3.903259689724723,1.2085625091665726,-0.46062333856300186,0.9297139491557189,0.38461538461538464,NY.GDP.MKTP.KD.ZG,RF,TUR
4.365705999116605,3.903259689724723,1.1184769516128443,-0.25099069128916107,0.8044570564143946,0.34615384615384615,NY.GDP.MKTP.KD.ZG,ARIMA,TUR
15392.63316440341,118325.28046632932,0.13008744288405505,0.9830772572038877,1.1522416682450742,0.6730769230769231,EN.ATM.GHGT.KT.CE,XGB,TUR
21375.404144547792,118325.28046632932,0.1806495117552701,0.9673657539025825,1.716529431126442,0.75,EN.ATM.GHGT.KT.CE,RF,TUR
13154.137567240623,118325.28046632932,0.11116929125711025,0.9876413886813918,0.968371338212443,0.7115384615384616,EN.ATM.GHGT.KT.CE,ARIMA,TUR
0.2913098091295487,2.588336589187298,0.11254711243757363,0.9873331474819642,1.173190311129357,0.6923076923076923,SP.DYN.LE00.IN,XGB,USA
0.5434321254954192,2.588336589187298,0.20995419520227443,0.9559192359169653,2.274475261063571,0.6923076923076923,SP.DYN.LE00.IN,RF,USA
0.3226481189225832,2.588336589187298,0.12465462191835347,0.9844612252343924,1.1653020387146973,0.6153846153846154,SP.DYN.LE00.IN,ARIMA,USA
0.38043529429167944,3.1876307304807607,0.11934735433871975,0.9857562090123481,1.6268468543995855,0.8653846153846154,SP.URB.TOTL.IN.ZS,XGB,USA
0.5921127955569387,3.1876307304807607,0.18575325864913966,0.9654957269012259,2.7932093866343717,0.9230769230769231,SP.URB.TOTL.IN.ZS,RF,USA
0.060469541514312025,3.1876307304807607,0.018970058525314807,0.9996401368795461,0.20873072432552475,0.9807692307692307,SP.URB.TOTL.IN.ZS,ARIMA,USA
0.0779916016094742,0.14287910731519687,0.5458572850502327,0.7020398243575889,1.1231165933683227,0.8076923076923077,NV.AGR.TOTL.ZS,XGB,USA
0.0757268167632804,0.14287910731519687,0.5300062282459821,0.7190933980204679,1.0757678734055283,0.8461538461538461,NV.AGR.TOTL.ZS,RF,USA
0.08286497992052591,0.14287910731519687,0.5799656890193368,0.6636397995603259,1.2356646812633478,0.5576923076923077,NV.AGR.TOTL.ZS,ARIMA,USA
257.18776079807736,440.8522331801897,0.5833876783220397,0.6596588167820203,1.3633512603728166,0.4807692307692308,EG.USE.PCAP.KG.OE,XGB,USA
284.557810900375,440.8522331801897,0.645472086752632,0.5833657852232027,1.5540642479825817,0.4807692307692308,EG.USE.PCAP.KG.OE,RF,USA
185.98775965682563,440.8522331801897,0.4218823126179034,0.8220153143001696,0.9343183857941472,0.5576923076923077,EG.USE.PCAP.KG.OE,ARIMA,USA
7.318574535432356,40.6735824551824,0.17993434789022045,0.9676236304493211,1.088502220865616,0.5576923076923077,FS.AST.PRVT.GD.ZS,XGB,USA
8.33281442879044,40.6735824551824,0.20487043249687292,0.9580281058885443,1.1997345622969082,0.5576923076923077,FS.AST.PRVT.GD.ZS,RF,USA
7.332516043261919,40.6735824551824,0.18027711356238432,0.9675001623256152,1.068870970900948,0.5769230769230769,FS.AST.PRVT.GD.ZS,ARIMA,USA
0.9600731565828857,3.5553858641398826,0.2700334628278515,0.9270819289531993,1.1182509015937774,0.6346153846153846,NE.IMP.GNFS.ZS,XGB,USA
1.0240102983335262,3.5553858641398826,0.2880166422052348,0.9170464138128217,1.2526685612107922,0.6346153846153846,NE.IMP.GNFS.ZS,RF,USA
0.987701385560477,3.5553858641398826,0.27780427309524147,0.9228247858500245,1.0967557328748732,0.5961538461538461,NE.IMP.GNFS.ZS,ARIMA,USA
813496666659.8564,6115243056459.242,0.13302769148326793,0.9823036332986325,1.399247980392256,0.9230769230769231,NY.GDP.MKTP.CD,XGB,USA
1238295417524.999,6115243056459.242,0.2024932461543039,0.9589964852618925,2.5268227481410244,0.9230769230769231,NY.GDP.MKTP.CD,RF,USA
194392777346.98843,6115243056459.242,0.03178823401657936,0.9989895081781072,0.3169199558309313,0.9615384615384616,NY.GDP.MKTP.CD,ARIMA,USA
0.9237090567747597,2.272568278078993,0.4064604199947616,0.834789926977682,1.413323914351882,0.5192307692307693,NE.EXP.GNFS.ZS,XGB,USA
0.8836844552227733,2.272568278078993,0.38884836321386734,0.8487969504258963,1.385561119220114,0.5576923076923077,NE.EXP.GNFS.ZS,RF,USA
0.7756258584404032,2.272568278078993,0.3412992542059249,0.8835148190784795,1.107504420417233,0.6153846153846154,NE.EXP.GNFS.ZS,ARIMA,USA
2.2394111001496793,1.9311392394113853,1.1596321251450805,-0.34474666566849566,0.9170287114226997,0.40384615384615385,NY.GDP.MKTP.KD.ZG,XGB,USA
2.144392512867297,1.9311392394113853,1.1104287402501911,-0.23305198717362652,0.9115812525657742,0.38461538461538464,NY.GDP.MKTP.KD.ZG,RF,USA
2.239109021525234,1.9311392394113853,1.1594757000576088,-0.34438389902408195,0.9175794940038189,0.4230769230769231,NY.GDP.MKTP.KD.ZG,ARIMA,USA
186746.13240829445,428589.4060118311,0.43572269820206283,0.810145730271514,1.1620461140690916,0.5192307692307693,EN.ATM.GHGT.KT.CE,XGB,USA
188109.03538449004,428589.4060118311,0.4389026717550208,0.8073644447263044,1.124285229996125,0.6346153846153846,EN.ATM.GHGT.KT.CE,RF,USA
181431.2784269034,428589.4060118311,0.4233218924265595,0.8207985753923963,1.0873126410015523,0.6346153846153846,EN.ATM.GHGT.KT.CE,ARIMA,USA
1.0100902391570892,3.832782084829499,0.26353969957100315,0.9305468267500254,1.3958411202080894,0.9230769230769231,SP.DYN.LE00.IN,XGB,ZAF
1.8099760163219605,3.832782084829499,0.4722355657750569,0.7769935704171118,2.6315245526781847,0.8461538461538461,SP.DYN.LE00.IN,RF,ZAF
0.10900556658447218,3.832782084829499,0.028440324592396253,0.9991911479370792,0.12167709754381668,0.9807692307692307,SP.DYN.LE00.IN,ARIMA,ZAF
1.6295668862438573,6.3070206844880685,0.2583734805645602,0.9332431445409548,3.0279584062422797,0.8461538461538461,SP.URB.TOTL.IN.ZS,XGB,ZAF
1.4529429535750467,6.3070206844880685,0.23036914357178453,0.9469300576900025,3.249131763926987,0.9615384615384616,SP.URB.TOTL.IN.ZS,RF,ZAF
0.04379388084066241,6.3070206844880685,0.006943671668680613,0.9999517854237575,0.053610605282812133,0.9807692307692307,SP.URB.TOTL.IN.ZS,ARIMA,ZAF
0.7911173505001694,1.9940038629960428,0.3967481533919874,0.842590902780048,1.4251099115269317,0.5,NV.AGR.TOTL.ZS,XGB,ZAF
0.7318539455810155,1.9940038629960428,0.3670273459156623,0.8652909273501048,1.462945576095318,0.5576923076923077,NV.AGR.TOTL.ZS,RF,ZAF
0.6842926853155596,1.9940038629960428,0.34317520543184504,0.882230778376811,1.181593311358855,0.5,NV.AGR.TOTL.ZS,ARIMA,ZAF
121.07159010677742,259.9761122596835,0.46570274881963813,0.783120949741833,1.4700579486445495,0.5192307692307693,EG.USE.PCAP.KG.OE,XGB,ZAF
113.40338194709699,259.9761122596835,0.4362069305576093,0.809723513733509,1.3206492955469724,0.5576923076923077,EG.USE.PCAP.KG.OE,RF,ZAF
91.52658249043546,259.9761122596835,0.3520576628940889,0.876055401997552,1.0906829333998262,0.5,EG.USE.PCAP.KG.OE,ARIMA,ZAF
10.617590686679298,33.83054250363185,0.3138463028057991,0.9015004982151307,1.4585314940576635,0.5192307692307693,FS.AST.PRVT.GD.ZS,XGB,ZAF
9.67635074390568,33.83054250363185,0.2860241080339425,0.9181902096233876,1.417451405763456,0.5961538461538461,FS.AST.PRVT.GD.ZS,RF,ZAF
7.865477078651529,33.83054250363185,0.23249633309330284,0.945945455098168,1.062232088140177,0.6153846153846154,FS.AST.PRVT.GD.ZS,ARIMA,ZAF
2.3961510502552423,4.4967710713055045,0.5328603596356953,0.7160598371289175,0.982192215127721,0.5769230769230769,NE.IMP.GNFS.ZS,XGB,ZAF
2.576422424883987,4.4967710713055045,0.5729494306091057,0.6717289499647017,1.0838275997079083,0.5192307692307693,NE.IMP.GNFS.ZS,RF,ZAF
2.824087321306341,4.4967710713055045,0.6280255935925266,0.6055838537927547,1.1604338462334975,0.6346153846153846,NE.IMP.GNFS.ZS,ARIMA,ZAF
34163656129.2052,121407756281.70168,0.28139599293751444,0.9208162951587103,1.542075720023475,0.7307692307692307,NY.GDP.MKTP.CD,XGB,ZAF
35597366787.43407,121407756281.70168,0.2932050461820389,0.9140308008933884,1.5343651991729628,0.6346153846153846,NY.GDP.MKTP.CD,RF,ZAF
21559041258.280518,121407756281.70168,0.1775754854430981,0.9684669469696481,0.8730553993025519,0.6538461538461539,NY.GDP.MKTP.CD,ARIMA,ZAF
3.1868963022618213,3.6386463916419363,0.8758466636335434,0.23289262180199077,1.4373579064999764,0.4230769230769231,NE.EXP.GNFS.ZS,XGB,ZAF
2.83050276315262,3.6386463916419363,0.7778999271966512,0.3948717032674447,1.3084859406773932,0.5384615384615384,NE.EXP.GNFS.ZS,RF,ZAF
2.4297536746356023,3.6386463916419363,0.6677630671166093,0.5540924861950189,1.0937570767683416,0.4807692307692308,NE.EXP.GNFS.ZS,ARIMA,ZAF
2.19687869121983,2.253984784121532,0.974664384026018,0.050029338511182964,0.9633492011141118,0.5192307692307693,NY.GDP.MKTP.KD.ZG,XGB,ZAF
2.1205928426591854,2.253984784121532,0.9408195022424098,0.1148586642003443,0.9210175831156642,0.46153846153846156,NY.GDP.MKTP.KD.ZG,RF,ZAF
2.471081167625624,2.253984784121532,1.096316703215325,-0.20191031374891866,1.025917798389896,0.46153846153846156,NY.GDP.MKTP.KD.ZG,ARIMA,ZAF
18949.710229464217,90138.99578553361,0.21022766078458413,0.9558043306410419,1.2797286678335797,0.6153846153846154,EN.ATM.GHGT.KT.CE,XGB,ZAF
23542.51204444886,90138.99578553361,0.2611801012345779,0.9317849547190956,1.6748939302463495,0.6346153846153846,EN.ATM.GHGT.KT.CE,RF,ZAF
15522.798408534545,90138.99578553361,0.17220957781100327,0.970343861310156,1.1666813952097106,0.5769230769230769,EN.ATM.GHGT.KT.CE,ARIMA,ZAF
